"3",NULL,"3","STAF AHLI WALIKOTA ","0","1",NULL,NULL,NULL,NULL,NULL,NULL,"3"
"4",NULL,"4","SEKRETARIAT DAERAH","0","1",NULL,NULL,NULL,NULL,NULL,NULL,"4"
"5",NULL,"4","ASISTEN PEMERINTAHAN","4","2",NULL,NULL,NULL,NULL,NULL,NULL,"4.1"
"6",NULL,"4","BAGIAN PEMERINTAHAN","5","3",NULL,NULL,NULL,NULL,NULL,NULL,"4.1.1"
"7",NULL,"4","SUB BAGIAN PEMERINTAHAN UMUM","6","4",NULL,NULL,NULL,NULL,NULL,NULL,"4.1.1.1"
"8",NULL,"4","SUB BAGIAN BINA PERANGKAT DAERAH","6","4",NULL,NULL,NULL,NULL,NULL,NULL,"4.1.1.2"
"9",NULL,"4","SUB BAGIAN OTONOMI DAERAH","6","4",NULL,NULL,NULL,NULL,NULL,NULL,"4.1.1.3"
"10",NULL,"4","BAGIAN KERJASAMA & KEAGRARIAAN","5","3",NULL,NULL,NULL,NULL,NULL,NULL,"4.1.2"
"11",NULL,"4","SUB BAGIAN KERJASAMA DAN FASILITASI","10","4",NULL,NULL,NULL,NULL,NULL,NULL,"4.1.2.1"
"12",NULL,"4","SUB BAGIAN PERTANAHAN","10","4",NULL,NULL,NULL,NULL,NULL,NULL,"4.1.2.2"
"13",NULL,"4","SUB BAGIAN TATA BATAS WILAYAH","10","4",NULL,NULL,NULL,NULL,NULL,NULL,"4.1.2.3"
"14",NULL,"4","BAGIAN HUKUM","5","3",NULL,NULL,NULL,NULL,NULL,NULL,"4.1.3"
"15",NULL,"4","SUB BAGIAN PERATURAN PERUNDANG-UNDANGAN","14","4",NULL,NULL,NULL,NULL,NULL,NULL,"4.1.3.1"
"16",NULL,"4","SUB BAGIAN BANTUAN HUKUM","14","4",NULL,NULL,NULL,NULL,NULL,NULL,"4.1.3.2"
"17",NULL,"4","SUB BAGIAN DOKUMENTASI DAN INFORMASI HUKUM","14","4",NULL,NULL,NULL,NULL,NULL,NULL,"4.1.3.3"
"18",NULL,"4","ASISTEN PEREKONOMIAN, PEMBANGUNAN DAN KESRA","4","2",NULL,NULL,NULL,NULL,NULL,NULL,"4.2"
"19",NULL,"4","BAGIAN PEREKONOMIAN & PEMBANGUNAN","18","3",NULL,NULL,NULL,NULL,NULL,NULL,"4.2.1"
"20",NULL,"4","SUB BAGIAN KAJIAN INVESTASI","19","4",NULL,NULL,NULL,NULL,NULL,NULL,"4.2.1.1"
"21",NULL,"4","SUB BAGIAN PEREKONOMIAN","19","4",NULL,NULL,NULL,NULL,NULL,NULL,"4.2.1.2"
"22",NULL,"4","SUB BAGIAN PEMBANGUNAN","19","4",NULL,NULL,NULL,NULL,NULL,NULL,"4.2.1.3"
"23",NULL,"4","BAGIAN PENGADAAN & JASA","18","3",NULL,NULL,NULL,NULL,NULL,NULL,"4.2.2"
"24",NULL,"4","SUB BAGIAN FASILITASI KELOMPOK KERJA","23","4",NULL,NULL,NULL,NULL,NULL,NULL,"4.2.2.1"
"25",NULL,"4","SUB BAGIAN EVALUASI, PELAPORAN DAN PENGELOLAAN DOKUMEN","23","4",NULL,NULL,NULL,NULL,NULL,NULL,"4.2.2.2"
"26",NULL,"4","SUB BAGIAN INFORMASI DAN KONSULTASI","23","4",NULL,NULL,NULL,NULL,NULL,NULL,"4.2.2.3"
"27",NULL,"4","BAGIAN KESRA","18","3",NULL,NULL,NULL,NULL,NULL,NULL,"4.2.3"
"28",NULL,"4","SUB BAGIAN KEMASYARAKATAN DAN SOSIAL BUDAYA","27","4",NULL,NULL,NULL,NULL,NULL,NULL,"4.2.3.1"
"29",NULL,"4","SUB BAGIAN PENDIDIKAN PEMBINAAN KARAKTER & AGAMA","27","4",NULL,NULL,NULL,NULL,NULL,NULL,"4.2.3.2"
"30",NULL,"4","SUB BAGIAN FASILITASI BANTUAN SOSIAL","27","4",NULL,NULL,NULL,NULL,NULL,NULL,"4.2.3.3"
"31",NULL,"4","ASISTEN ADMINISTRASI UMUM","4","2",NULL,NULL,NULL,NULL,NULL,NULL,"4.3"
"32",NULL,"4","BAGIAN UMUM","31","3",NULL,NULL,NULL,NULL,NULL,NULL,"4.3.1"
"33",NULL,"4","SUB BAGIAN PERLENGKAPAN & RUMAH TANGGA","32","4",NULL,NULL,NULL,NULL,NULL,NULL,"4.3.1.1"
"34",NULL,"4","SUB BAGIAN PERENCANAAN","32","4",NULL,NULL,NULL,NULL,NULL,NULL,"4.3.1.2"
"35",NULL,"4","SUB BAGIAN KEUANGAN","32","4",NULL,NULL,NULL,NULL,NULL,NULL,"4.3.1.3"
"36",NULL,"4","SUB BAGIAN KEPEGAWAIAN DAN TATA USAHA PIMPINAN","32","4",NULL,NULL,NULL,NULL,NULL,NULL,"4.3.1.4"
"37",NULL,"4","BAGIAN HUMAS & PROTOKOL","31","3",NULL,NULL,NULL,NULL,NULL,NULL,"4.3.2"
"38",NULL,"4","SUB BAGIAN PELIPUTAN DAN DOKUMENTASI","37","4",NULL,NULL,NULL,NULL,NULL,NULL,"4.3.2.1"
"39",NULL,"4","SUB BAGIAN PUBLIKASI","37","4",NULL,NULL,NULL,NULL,NULL,NULL,"4.3.2.2"
"40",NULL,"4","SUB BAGIAN KEPROTOKOLAN","37","4",NULL,NULL,NULL,NULL,NULL,NULL,"4.3.2.3"
"851",NULL,"162","SEKSI PENCEGAHAN DAN PEMBERDAYAAN MASYARAKAT","850","2",NULL,NULL,NULL,NULL,NULL,NULL,"162.1"
"835",NULL,"4","SUB BAGIAN AKUNTABILITAS DAN PENDAYAGUNAAN APARATUR","832","4",NULL,NULL,NULL,NULL,NULL,NULL,"4.3.3.3"
"45",NULL,"5","SEKRETARIAT DPRD","0","1",NULL,NULL,NULL,NULL,NULL,NULL,"5"
"46",NULL,"5","BAGIAN UMUM","45","2",NULL,NULL,NULL,NULL,NULL,NULL,"5.1"
"47",NULL,"5","SUB BAGIAN TATA USAHA DAN KEPEGAWAIAN","46","3",NULL,NULL,NULL,NULL,NULL,NULL,"5.1.1"
"48",NULL,"5","SUB BAGIAN PERLENGKAPAN DAN RUMAH TANGGA","46","3",NULL,NULL,NULL,NULL,NULL,NULL,"5.1.2"
"49",NULL,"5","SUB BAGIAN HUMAS DAN PROTOKOL","46","3",NULL,NULL,NULL,NULL,NULL,NULL,"5.1.3"
"50",NULL,"5","BAGIAN PERSIDANGAN RISALAH","45","2",NULL,NULL,NULL,NULL,NULL,NULL,"5.2"
"51",NULL,"5","SUB BAGIAN PERSIDANGAN","50","3",NULL,NULL,NULL,NULL,NULL,NULL,"5.2.1"
"52",NULL,"5","SUB BAGIAN RISALAH DAN PELAPORAN","50","3",NULL,NULL,NULL,NULL,NULL,NULL,"5.2.2"
"53",NULL,"5","SUB BAGIAN PENGKAJIAN PERUNDANG - UNDANGAN","50","3",NULL,NULL,NULL,NULL,NULL,NULL,"5.2.3"
"54",NULL,"5","BAGIAN PERENCANAAN & KEUANGAN","45","2",NULL,NULL,NULL,NULL,NULL,NULL,"5.3"
"55",NULL,"5","SUB BAGIAN PERENCANAAN DAN PELAPORAN","54","3",NULL,NULL,NULL,NULL,NULL,NULL,"5.3.1"
"56",NULL,"5","SUB BAGIAN ANGGARAN DAN VERIFIKASI","54","3",NULL,NULL,NULL,NULL,NULL,NULL,"5.3.2"
"57",NULL,"5","SUB BAGIAN PERBENDAHARAAN DAN PEMBUKUAN","54","3",NULL,NULL,NULL,NULL,NULL,NULL,"5.3.3"
"58",NULL,"6","BADAN PERENCANAAN PEMBANGUNAN, PENELITIAN DAN PENGEMBANGAN DAERAH","0","1",NULL,NULL,NULL,NULL,NULL,NULL,"6"
"59",NULL,"6","SEKRETARIAT","58","2",NULL,NULL,NULL,NULL,NULL,NULL,"6.1"
"60",NULL,"6","SUB BAGIAN UMUM DAN KEPEGAWAIAN","59","3",NULL,NULL,NULL,NULL,NULL,NULL,"6.1.1"
"61",NULL,"6","SUB BAGIAN PERENCANAAN","59","3",NULL,NULL,NULL,NULL,NULL,NULL,"6.1.2"
"62",NULL,"6","SUB BAGIAN KEUANGAN","59","3",NULL,NULL,NULL,NULL,NULL,NULL,"6.1.3"
"63",NULL,"6","BIDANG PENYUSUNAN PROGRAM DAN EVALUASI","58","2",NULL,NULL,NULL,NULL,NULL,NULL,"6.2"
"64",NULL,"6","SUB BIDANG PENYUSUNAN PROGRAM","63","3",NULL,NULL,NULL,NULL,NULL,NULL,"6.2.1"
"65",NULL,"6","SUB BIDANG EVALUASI","63","3",NULL,NULL,NULL,NULL,NULL,NULL,"6.2.2"
"66",NULL,"6","BIDANG FISIK PRASARANA","58","2",NULL,NULL,NULL,NULL,NULL,NULL,"6.3"
"67",NULL,"6","SUB BIDANG SARANA PRASARANA WILAYAH & SDA","66","3",NULL,NULL,NULL,NULL,NULL,NULL,"6.3.1"
"68",NULL,"6","SUB BIDANG PERMUKIMAN & LINGKUNGAN HIDUP","66","3",NULL,NULL,NULL,NULL,NULL,NULL,"6.3.2"
"69",NULL,"6","BIDANG EKONOMI, SOSIAL DAN BUDAYA","58","2",NULL,NULL,NULL,NULL,NULL,NULL,"6.4"
"70",NULL,"6","SUB BIDANG EKONOMI","69","3",NULL,NULL,NULL,NULL,NULL,NULL,"6.4.1"
"71",NULL,"6","SUB BIDANG SOSIAL BUDAYA","69","3",NULL,NULL,NULL,NULL,NULL,NULL,"6.4.2"
"72",NULL,"6","BIDANG PENELITIAN DAN PENGEMBANGAN","58","2",NULL,NULL,NULL,NULL,NULL,NULL,"6.5"
"73",NULL,"6","SUB BIDANG PENELITIAN DAN PENGEMBANGAN SOSIAL, EKONOMI DAN PEMERINTAHAN","72","3",NULL,NULL,NULL,NULL,NULL,NULL,"6.5.1"
"74",NULL,"6","SUB BIDANG PENELITIAN DAN PENGEMBANGAN PEMBANGUNAN, INOVASI DAN TEKNOLOGI","72","3",NULL,NULL,NULL,NULL,NULL,NULL,"6.5.2"
"75",NULL,"7","BADAN KEPEGAWAIAN, PENDIDIKAN DAN PELATIHAN DAERAH","0","1",NULL,NULL,NULL,NULL,NULL,NULL,"7"
"76",NULL,"7","SEKRETARIAT","75","2",NULL,NULL,NULL,NULL,NULL,NULL,"7.1"
"77",NULL,"7","SUB BAGIAN UMUM DAN KEPEGAWAIAN","76","3",NULL,NULL,NULL,NULL,NULL,NULL,"7.1.1"
"78",NULL,"7","SUB BAGIAN PERENCANAAN DAN KEUANGAN","76","3",NULL,NULL,NULL,NULL,NULL,NULL,"7.1.2"
"79",NULL,"7","BIDANG PERENCANAAN DAN PEMBINAAN APARATUR","75","2",NULL,NULL,NULL,NULL,NULL,NULL,"7.2"
"80",NULL,"7","SUB BIDANG PENGADAAN DAN PEMBERHENTIAN APARATUR","79","3",NULL,NULL,NULL,NULL,NULL,NULL,"7.2.1"
"81",NULL,"7","SUB BIDANG DISIPLIN, KESEJAHTERAAN DAN PERLINDUNGAN APARATUR","79","3",NULL,NULL,NULL,NULL,NULL,NULL,"7.2.2"
"82",NULL,"7","SUB BIDANG INFORMASI DAN FASILITASI PROFESI ASN","79","3",NULL,NULL,NULL,NULL,NULL,NULL,"7.2.3"
"83",NULL,"7","BIDANG MUTASI DAN PENGEMBANGAN APARATUR","75","2",NULL,NULL,NULL,NULL,NULL,NULL,"7.3"
"84",NULL,"7","SUB BIDANG MUTASI DAN KEPANGKATAN APARATUR","83","3",NULL,NULL,NULL,NULL,NULL,NULL,"7.3.1"
"85",NULL,"7","SUB BIDANG PENILAIAN KINERJA DAN PENGEMBANGAN KARIR APARATUR","83","3",NULL,NULL,NULL,NULL,NULL,NULL,"7.3.2"
"86",NULL,"7","SUB BIDANG DIKLAT DAN PENGEMBANGAN KOMPETENSI APARATUR","83","3",NULL,NULL,NULL,NULL,NULL,NULL,"7.3.3"
"87",NULL,"8","BADAN PENGELOLAAN KEUANGAN DAN ASET DAERAH","0","1",NULL,NULL,NULL,NULL,NULL,NULL,"8"
"88",NULL,"8","SEKRETARIAT","87","2",NULL,NULL,NULL,NULL,NULL,NULL,"8.1"
"89",NULL,"8","SUB BAGIAN UMUM DAN KEPEGAWAIAN","88","3",NULL,NULL,NULL,NULL,NULL,NULL,"8.1.1"
"90",NULL,"8","SUB BAGIAN PERENCANAAN DAN KEUANGAN","88","3",NULL,NULL,NULL,NULL,NULL,NULL,"8.1.2"
"91",NULL,"8","BIDANG ANGGARAN","87","2",NULL,NULL,NULL,NULL,NULL,NULL,"8.2"
"92",NULL,"8","SUB BIDANG ANGGARAN","91","3",NULL,NULL,NULL,NULL,NULL,NULL,"8.2.1"
"93",NULL,"8","SUB BIDANG DANA PERIMBANGAN DAN PENDAPATAN LAINNYA","91","3",NULL,NULL,NULL,NULL,NULL,NULL,"8.2.2"
"94",NULL,"8","SUB BIDANG BELANJA BANTUAN SOSIAL, HIBAH DAN PEMBIAYAAN","91","3",NULL,NULL,NULL,NULL,NULL,NULL,"8.2.3"
"95",NULL,"8","BIDANG PERBENDAHARAAN DAN AKUNTANSI","87","2",NULL,NULL,NULL,NULL,NULL,NULL,"8.3"
"96",NULL,"8","SUB BIDANG PERBENDAHARAAN","95","3",NULL,NULL,NULL,NULL,NULL,NULL,"8.3.1"
"97",NULL,"8","SUB BIDANG AKUNTANSI DAN PELAPORAN","95","3",NULL,NULL,NULL,NULL,NULL,NULL,"8.3.2"
"98",NULL,"8","SUB BIDANG PERSEDIAAN DAN PENDAPATAN ASLI DAERAH LAINNYA YANG SAH","95","3",NULL,NULL,NULL,NULL,NULL,NULL,"8.3.3"
"99",NULL,"8","BIDANG PENATAUSAHAAN ASET DAERAH","87","2",NULL,NULL,NULL,NULL,NULL,NULL,"8.4"
"100",NULL,"8","SUB BIDANG ANALISA KEBUTUHAN BARANG MILIK DAERAH","99","3",NULL,NULL,NULL,NULL,NULL,NULL,"8.4.1"
"101",NULL,"8","SUB BIDANG PEMANFAATAN, PENGAMANAN DAN PEMELIHARAAN","99","3",NULL,NULL,NULL,NULL,NULL,NULL,"8.4.2"
"102",NULL,"8","SUB BIDANG INVENTARISASI DAN PENGHAPUSAN","99","3",NULL,NULL,NULL,NULL,NULL,NULL,"8.4.3"
"103",NULL,"9","BADAN PENGELOLAAN PAJAK DAN RETRIBUSI DAERAH","0","1",NULL,NULL,NULL,NULL,NULL,NULL,"9"
"104",NULL,"9","SEKRETARIAT","103","2",NULL,NULL,NULL,NULL,NULL,NULL,"9.1"
"105",NULL,"9","SUB BAGIAN UMUM DAN KEPEGAWAIAN","104","3",NULL,NULL,NULL,NULL,NULL,NULL,"9.1.1"
"106",NULL,"9","SUB BAGIAN PERENCANAAN DAN KEUANGAN","104","3",NULL,NULL,NULL,NULL,NULL,NULL,"9.1.2"
"107",NULL,"9","BIDANG PAJAK DAN RETRIBUSI DAERAH","103","2",NULL,NULL,NULL,NULL,NULL,NULL,"9.2"
"108",NULL,"9","SUB BIDANG PENDATAAN DAN PENETAPAN PAJAK DAN RETRIBUSI","107","3",NULL,NULL,NULL,NULL,NULL,NULL,"9.2.1"
"109",NULL,"9","SUB BIDANG PENAGIHAN, RESTITUSI DAN PELAPORAN PAJAK DAN RETRIBUSI","107","3",NULL,NULL,NULL,NULL,NULL,NULL,"9.2.2"
"110",NULL,"9","BIDANG PBB DAN BPHTB","103","2",NULL,NULL,NULL,NULL,NULL,NULL,"9.3"
"111",NULL,"9","SUB BIDANG PENDATAAN DAN PENETAPAN PBB DAN BPHTB","110","3",NULL,NULL,NULL,NULL,NULL,NULL,"9.3.1"
"112",NULL,"9","SUB BIDANG PENAGIHAN DAN PELAPORAN PBB DAN BPHTB","110","3",NULL,NULL,NULL,NULL,NULL,NULL,"9.3.2"
"113",NULL,"9","BIDANG PENGENDALIAN DAN PENGEMBANGAN","103","2",NULL,NULL,NULL,NULL,NULL,NULL,"9.4"
"114",NULL,"9","SUB BIDANG PENYULUHAN DAN PENGEMBANGAN","113","3",NULL,NULL,NULL,NULL,NULL,NULL,"9.4.1"
"115",NULL,"9","SUB BIDANG PENGAWASAN DAN PENGENDALIAN","113","3",NULL,NULL,NULL,NULL,NULL,NULL,"9.4.2"
"116",NULL,"10","BADAN PENANGGULANGAN BENCANA DAERAH","0","1",NULL,NULL,NULL,NULL,NULL,NULL,"10"
"117",NULL,"10","SUB BAGIAN TATA USAHA ","116","2",NULL,NULL,NULL,NULL,NULL,NULL,"10.1"
"118",NULL,"10","SEKSI PENCEGAHAN, KESIAPSIAGAAN DAN KEBAKARAN","116","2",NULL,NULL,NULL,NULL,NULL,NULL,"10.1.1"
"119",NULL,"10","SEKSI KEDARURATAN DAN LOGISTIK","116","2",NULL,NULL,NULL,NULL,NULL,NULL,"10.1.2"
"120",NULL,"10","SEKSI REHABILITASI DAN REKONSTRUKSI","116","2",NULL,NULL,NULL,NULL,NULL,NULL,"10.1.3"
"121",NULL,"11","INSPEKTORAT","0","1",NULL,NULL,NULL,NULL,NULL,NULL,"11"
"122",NULL,"11","SEKRETARIAT","121","2",NULL,NULL,NULL,NULL,NULL,NULL,"11.1"
"123",NULL,"11","SUB BAGIAN UMUM DAN KEPEGAWAIAN","122","3",NULL,NULL,NULL,NULL,NULL,NULL,"11.1.1"
"124",NULL,"11","SUB BAGIAN PERENCANAAN DAN KEUANGAN","122","3",NULL,NULL,NULL,NULL,NULL,NULL,"11.1.2"
"125",NULL,"11","INSPEKTUR PEMBANTU WILAYAH I","121","2",NULL,NULL,NULL,NULL,NULL,NULL,"11.2"
"126",NULL,"11","INSPEKTUR PEMBANTU WILAYAH II","121","2",NULL,NULL,NULL,NULL,NULL,NULL,"11.3"
"127",NULL,"11","INSPEKTUR PEMBANTU WILAYAH III","121","2",NULL,NULL,NULL,NULL,NULL,NULL,"11.4"
"128",NULL,"12","DINAS KEPENDUDUKAN DAN PENCATATAN SIPIL","0","1",NULL,NULL,NULL,NULL,NULL,NULL,"12"
"129",NULL,"12","SEKRETARIAT","128","2",NULL,NULL,NULL,NULL,NULL,NULL,"12.1"
"130",NULL,"12","SUB BAGIAN UMUM DAN KEPEGAWAIAN","129","3",NULL,NULL,NULL,NULL,NULL,NULL,"12.1.1"
"131",NULL,"12","SUB BAGIAN PERENCANAAN DAN KEUANGAN","129","3",NULL,NULL,NULL,NULL,NULL,NULL,"12.1.2"
"132",NULL,"12","BIDANG PELAYANAN PENDAFTARAN PENDUDUKAN","128","2",NULL,NULL,NULL,NULL,NULL,NULL,"12.2"
"133",NULL,"12","SEKSI IDENTITAS KEPENDUDUKAN","132","3",NULL,NULL,NULL,NULL,NULL,NULL,"12.2.1"
"134",NULL,"12","SEKSI PINDAH DATANG DAN PENDATAAN PENDUDUK","132","3",NULL,NULL,NULL,NULL,NULL,NULL,"12.2.2"
"135",NULL,"12","BIDANG PELAYANAN PENCATATAN SIPIL","128","2",NULL,NULL,NULL,NULL,NULL,NULL,"12.3"
"136",NULL,"12","SEKSI KELAHIRAN DAN KEMATIAN","135","3",NULL,NULL,NULL,NULL,NULL,NULL,"12.3.1"
"137",NULL,"12","SEKSI PERKAWINAN, PERCERAIAN, PERUBAHAN STATUS ANAK DAN KEWARGANEGARAAN","135","3",NULL,NULL,NULL,NULL,NULL,NULL,"12.3.2"
"138",NULL,"12","BIDANG PIAK DAN PEMANFAATAN DATA","128","2",NULL,NULL,NULL,NULL,NULL,NULL,"12.4"
"139",NULL,"12","SEKSI PENGELOLAAN ADMINISTRASI INFORMASI KEPENDUDUKAN","138","3",NULL,NULL,NULL,NULL,NULL,NULL,"12.4.1"
"140",NULL,"12","SEKSI KERJASAMA DAN INOVASI PELAYANAN","138","3",NULL,NULL,NULL,NULL,NULL,NULL,"12.4.2"
"141",NULL,"13","DINAS SOSIAL","0","1",NULL,NULL,NULL,NULL,NULL,NULL,"13"
"142",NULL,"13","SEKRETARIAT","141","2",NULL,NULL,NULL,NULL,NULL,NULL,"13.1"
"143",NULL,"13","SUB BAGIAN UMUM DAN KEPEGAWAIAN","142","3",NULL,NULL,NULL,NULL,NULL,NULL,"13.1.1"
"144",NULL,"13","SUB BAGIAN PERENCANAAN DAN KEUANGAN","142","3",NULL,NULL,NULL,NULL,NULL,NULL,"13.1.2"
"145",NULL,"13","BIDANG PERLINDUNGAN SOSIAL DAN JAMSOS","141","2",NULL,NULL,NULL,NULL,NULL,NULL,"13.2"
"146",NULL,"13","SEKSI PERLINDUNGAN SOSIAL KORBAN BENCANA ALAM DAN SOSIAL","145","3",NULL,NULL,NULL,NULL,NULL,NULL,"13.2.1"
"147",NULL,"13","SEKSI JAMSOS DAN FAKIR MISKIN PERKOTAAN","145","3",NULL,NULL,NULL,NULL,NULL,NULL,"13.2.2"
"148",NULL,"13","BIDANG REHABILITASI SOSIAL","141","2",NULL,NULL,NULL,NULL,NULL,NULL,"13.3"
"149",NULL,"13","SEKSI REHABILITASI SOSIAL ANAK DAN KORBAN PENYALAHGUNAAN NAPZA DAN REHABILITASI TUNA SOSIAL","148","3",NULL,NULL,NULL,NULL,NULL,NULL,"13.3.1"
"150",NULL,"13","SEKSI REHABILITASI LANJUT USIA DAN DISABILITAS","148","3",NULL,NULL,NULL,NULL,NULL,NULL,"13.3.2"
"151",NULL,"13","BIDANG PEMBERDAYAAN SOSIAL","141","2",NULL,NULL,NULL,NULL,NULL,NULL,"13.4"
"152",NULL,"13","SEKSI PEMBERDAYAAN SOSIAL DAN KELEMBAGAAN MASYARAKAT","151","3",NULL,NULL,NULL,NULL,NULL,NULL,"13.4.1"
"153",NULL,"13","SEKSI PEMBERDAYAAN KEPAHLAWANAN DAN PENGELOLAAN SUMBER DANA SOSIAL","151","3",NULL,NULL,NULL,NULL,NULL,NULL,"13.4.2"
"154",NULL,"14","SATPOL PP","0","1",NULL,NULL,NULL,NULL,NULL,NULL,"14"
"155",NULL,"14","SEKRETARIAT","154","2",NULL,NULL,NULL,NULL,NULL,NULL,"14.1"
"156",NULL,"14","SUB BAGIAN UMUM DAN KEPEGAWAIAN","155","3",NULL,NULL,NULL,NULL,NULL,NULL,"14.1.1"
"157",NULL,"14","SUB BAGIAN PERENCANAAN","155","3",NULL,NULL,NULL,NULL,NULL,NULL,"14.1.2"
"158",NULL,"14","SUB BAGIAN KEUANGAN","155","3",NULL,NULL,NULL,NULL,NULL,NULL,"14.1.3"
"159",NULL,"14","BIDANG PENEGAKAN PER UU DAERAH","154","2",NULL,NULL,NULL,NULL,NULL,NULL,"14.2"
"160",NULL,"14","SEKSI PEMBINAAN, PENGAWASAN DAN PENYULUHAN","159","3",NULL,NULL,NULL,NULL,NULL,NULL,"14.2.1"
"161",NULL,"14","SEKSI PENYELIDIKAN DAN PENYIDIKAN","159","3",NULL,NULL,NULL,NULL,NULL,NULL,"14.2.2"
"162",NULL,"14","BIDANG KETERTIBAN UMUM DAN KETENTRAMAN MASYARAKAT","154","2",NULL,NULL,NULL,NULL,NULL,NULL,"14.3"
"163",NULL,"14","SEKSI OPERASI DAN PENGENDALIAN","162","3",NULL,NULL,NULL,NULL,NULL,NULL,"14.3.1"
"164",NULL,"14","SEKSI KERJASAMA ","162","3",NULL,NULL,NULL,NULL,NULL,NULL,"14.3.2"
"165",NULL,"14","BIDANG SUMBER DAYA APARATUR","154","2",NULL,NULL,NULL,NULL,NULL,NULL,"14.4"
"166",NULL,"14","SEKSI PELATIHAN DASAR ","165","3",NULL,NULL,NULL,NULL,NULL,NULL,"14.4.1"
"167",NULL,"14","SEKSI TEKNIS FUNGSIONAL","165","3",NULL,NULL,NULL,NULL,NULL,NULL,"14.4.2"
"168",NULL,"14","BIDANG PERLINDUNGAN MASYARAKAT","154","2",NULL,NULL,NULL,NULL,NULL,NULL,"14.5"
"169",NULL,"14","SEKSI PERLINDUNGAN MASYARAKAT","168","3",NULL,NULL,NULL,NULL,NULL,NULL,"14.5.1"
"170",NULL,"14","SEKSI BINA POTENSI MASYARAKAT","168","3",NULL,NULL,NULL,NULL,NULL,NULL,"14.5.2"
"171",NULL,"15","DINAS ARSIP DAN PERPUSTAKAAN DAERAH","0","1",NULL,NULL,NULL,NULL,NULL,NULL,"15"
"172",NULL,"15","SEKRETARIAT","171","2",NULL,NULL,NULL,NULL,NULL,NULL,"15.1"
"173",NULL,"15","SUB BAGIAN PERENCANAAN & KEUANGAN","172","3",NULL,NULL,NULL,NULL,NULL,NULL,"15.1.1"
"174",NULL,"15","SUB BAGIAN UMUM & KEPEGAWAIAN","172","3",NULL,NULL,NULL,NULL,NULL,NULL,"15.1.2"
"175",NULL,"15","BIDANG KEARSIPAN","171","2",NULL,NULL,NULL,NULL,NULL,NULL,"15.2"
"176",NULL,"15","SEKSI KEARSIPAN DINAMIS","175","3",NULL,NULL,NULL,NULL,NULL,NULL,"15.2.1"
"177",NULL,"15","SEKSI KEARSIPAN STATIS","175","3",NULL,NULL,NULL,NULL,NULL,NULL,"15.2.2"
"178",NULL,"15","BIDANG PERPUSTAKAAN","171","2",NULL,NULL,NULL,NULL,NULL,NULL,"15.3"
"179",NULL,"15","SEKSI PELAYANAN PERPUSTAKAAN","178","3",NULL,NULL,NULL,NULL,NULL,NULL,"15.3.1"
"180",NULL,"15","SEKSI PENGOLAHAN BAHAN PUSTAKA","178","3",NULL,NULL,NULL,NULL,NULL,NULL,"15.3.2"
"181",NULL,"15","BIDANG PROMOSI, PEMBINAAN DAN PENGEMBANGAN PERPUSTAKAAN","171","2",NULL,NULL,NULL,NULL,NULL,NULL,"15.4"
"182",NULL,"15","SEKSI PROMOSI PENGEMBANGAN BUDAYA BACA","181","3",NULL,NULL,NULL,NULL,NULL,NULL,"15.4.1"
"183",NULL,"15","SEKSI PEMBINAAN DAN PENGEMBANGAN PERPUSTAKAAN","181","3",NULL,NULL,NULL,NULL,NULL,NULL,"15.4.2"
"184",NULL,"16","DINAS PENGENDALIAN PENDUDUK, KELUARGA BERENCANA, PEMBERDAYAAN MASYARAKAT, PEREMPUAN DAN PERLINDUNGAN ANAK","0","1",NULL,NULL,NULL,NULL,NULL,NULL,"16"
"185",NULL,"16","SEKRETARIAT","184","2",NULL,NULL,NULL,NULL,NULL,NULL,"16.1"
"186",NULL,"16","SUB BAGIAN UMUM DAN KEPEGAWAIAN","185","3",NULL,NULL,NULL,NULL,NULL,NULL,"16.1.1"
"187",NULL,"16","SUB BAGIAN PERENCANAAN","185","3",NULL,NULL,NULL,NULL,NULL,NULL,"16.1.2"
"188",NULL,"16","SUB BAGIAN KEUANGAN","185","3",NULL,NULL,NULL,NULL,NULL,NULL,"16.1.3"
"189",NULL,"16","BIDANG PENGENDALIAN PENDUDUK","184","2",NULL,NULL,NULL,NULL,NULL,NULL,"16.2"
"190",NULL,"16","SEKSI PENGENDALIAN PENDUDUK","189","3",NULL,NULL,NULL,NULL,NULL,NULL,"16.2.1"
"191",NULL,"16","SEKSI ADVOKASI DAN INFORMASI","189","3",NULL,NULL,NULL,NULL,NULL,NULL,"16.2.2"
"192",NULL,"16","BIDANG KELUARGA BERENCANA DAN KELUARGA SEJAHTERA","184","2",NULL,NULL,NULL,NULL,NULL,NULL,"16.3"
"193",NULL,"16","SEKSI KELUARGA BERENCANA","192","3",NULL,NULL,NULL,NULL,NULL,NULL,"16.3.1"
"194",NULL,"16","SEKSI KELUARGA SEJAHTERA","192","3",NULL,NULL,NULL,NULL,NULL,NULL,"16.3.2"
"195",NULL,"16","BIDANG PEMBERDAYAAN PEREMPUAN DAN PERLINDUNGAN ANAK","184","2",NULL,NULL,NULL,NULL,NULL,NULL,"16.4"
"196",NULL,"16","SEKSI PEMBERDAYAAN PEREMPUAN","195","3",NULL,NULL,NULL,NULL,NULL,NULL,"16.4.1"
"197",NULL,"16","SEKSI PERLINDUNGAN PEREMPUAN DAN ANAK","195","3",NULL,NULL,NULL,NULL,NULL,NULL,"16.4.2"
"198",NULL,"16","BIDANG PEMBERDAYAAN MASYARAKAT","184","2",NULL,NULL,NULL,NULL,NULL,NULL,"16.5"
"199",NULL,"16","SEKSI KELEMBAGAAN MASYARAKAT","198","3",NULL,NULL,NULL,NULL,NULL,NULL,"16.5.1"
"200",NULL,"16","SEKSI KETAHANAN MASYARAKAT","198","3",NULL,NULL,NULL,NULL,NULL,NULL,"16.5.2"
"201",NULL,"17","DINAS PENANAMAN MODAL DAN PELAYANAN TERPADU SATU PINTU","0","1",NULL,NULL,NULL,NULL,NULL,NULL,"17"
"202",NULL,"17","SEKRETARIAT","201","2",NULL,NULL,NULL,NULL,NULL,NULL,"17.1"
"203",NULL,"17","SUB BAGIAN UMUM DAN KEPEGAWAIAN","202","3",NULL,NULL,NULL,NULL,NULL,NULL,"17.1.1"
"204",NULL,"17","SUB BAGIAN PERENCANAAN","202","3",NULL,NULL,NULL,NULL,NULL,NULL,"17.1.2"
"205",NULL,"17","SUB BAGIAN KEUANGAN","202","3",NULL,NULL,NULL,NULL,NULL,NULL,"17.1.3"
"206",NULL,"17","BIDANG PENANAMAN MODAL","201","2",NULL,NULL,NULL,NULL,NULL,NULL,"17.2"
"207",NULL,"17","SEKSI PENGENDALIAN DAN PENGEMBANGAN IKLIM PENANAMAN MODAL","206","3",NULL,NULL,NULL,NULL,NULL,NULL,"17.2.1"
"208",NULL,"17","SEKSI PENYELENGGARAAN PROMOSI DAN KERJASAMA PENANAMAN MODAL","206","3",NULL,NULL,NULL,NULL,NULL,NULL,"17.2.2"
"209",NULL,"17","BIDANG PELAYANAN PERIZINAN","201","2",NULL,NULL,NULL,NULL,NULL,NULL,"17.3"
"210",NULL,"17","SEKSI PENDATAAN DAN SURVEY PERIZINAN KETATARUANGAN","209","3",NULL,NULL,NULL,NULL,NULL,NULL,"17.3.1"
"211",NULL,"17","SEKSI PENGAWASAN PERIZINAN KETATARUANGAN DAN ADMINISTRASI PELAYANAN PERIZINAN","209","3",NULL,NULL,NULL,NULL,NULL,NULL,"17.3.2"
"212",NULL,"17","BIDANG PELAYANAN PERIZINAN TERTENTU","201","2",NULL,NULL,NULL,NULL,NULL,NULL,"17.4"
"213",NULL,"17","SEKSI PERIZINAN PAKET, IZIN PRINSIP DAN IZIN USAHA PENANAMAN MODAL","212","3",NULL,NULL,NULL,NULL,NULL,NULL,"17.4.1"
"214",NULL,"17","SEKSI EVALUASI DAN MONITORING PERIZINAN REKLAME","212","3",NULL,NULL,NULL,NULL,NULL,NULL,"17.4.2"
"215",NULL,"17","BIDANG INFORMASI DAN PENGADUAN","201","2",NULL,NULL,NULL,NULL,NULL,NULL,"17.5"
"216",NULL,"17","SEKSI DATA DAN INFORMASI PERIZINAN","215","3",NULL,NULL,NULL,NULL,NULL,NULL,"17.5.1"
"217",NULL,"17","SEKSI PENERIMAAN DAN PENANGANAN PENGADUAN","215","3",NULL,NULL,NULL,NULL,NULL,NULL,"17.5.2"
"218",NULL,"18","DINAS PERUMAHAN DAN PERMUKIMAN","0","1",NULL,NULL,NULL,NULL,NULL,NULL,"18"
"219",NULL,"18","SEKRETARIAT","218","2",NULL,NULL,NULL,NULL,NULL,NULL,"18.1"
"220",NULL,"18","SUB BAGIAN PERENCANAAN DAN KEUANGAN","219","3",NULL,NULL,NULL,NULL,NULL,NULL,"18.1.1"
"221",NULL,"18","SUB BAGIAN UMUM DAN KEPEGAWAIAN","219","3",NULL,NULL,NULL,NULL,NULL,NULL,"18.1.2"
"222",NULL,"18","BIDANG PERUMANAN","218","2",NULL,NULL,NULL,NULL,NULL,NULL,"18.2"
"223",NULL,"18","SEKSI PENATAAN PERUMAHAN","222","3",NULL,NULL,NULL,NULL,NULL,NULL,"18.2.1"
"224",NULL,"18","SEKSI PENATAAN, PENGAWASAN PERUMAHAN, BANGUNAN DAN REKLAME","222","3",NULL,NULL,NULL,NULL,NULL,NULL,"18.2.2"
"225",NULL,"18","BIDANG PEMUKIMAN","218","2",NULL,NULL,NULL,NULL,NULL,NULL,"18.3"
"226",NULL,"18","SEKSI PENATAAN LINGKUNGAN PERMUKIMAN","225","3",NULL,NULL,NULL,NULL,NULL,NULL,"18.3.1"
"227",NULL,"18","SEKSI PEMBINAAN PEMUKIMAN","225","3",NULL,NULL,NULL,NULL,NULL,NULL,"18.3.2"
"228",NULL,"18","BIDANG PERTAMANAN, PEMAKAMAN DAN PENERANGAN JALAN","218","2",NULL,NULL,NULL,NULL,NULL,NULL,"18.4"
"229",NULL,"18","SEKSI PERTAMANAN","228","3",NULL,NULL,NULL,NULL,NULL,NULL,"18.4.1"
"230",NULL,"18","SEKSI PEMAKAMAN","228","3",NULL,NULL,NULL,NULL,NULL,NULL,"18.4.2"
"231",NULL,"18","SEKSI PENERANGAN JALAN UMUM","228","3",NULL,NULL,NULL,NULL,NULL,NULL,"18.4.3"
"232",NULL,"19","DINAS KOMUNIKASI DAN INFORMATIKA","0","1",NULL,NULL,NULL,NULL,NULL,NULL,"19"
"233",NULL,"19","SEKRETARIAT","232","2",NULL,NULL,NULL,NULL,NULL,NULL,"19.1."
"234",NULL,"19","SUB BAGIAN PERENCANAAN DAN KEUANGAN","233","3",NULL,NULL,NULL,NULL,NULL,NULL,"19.1.1"
"235",NULL,"19","SUB BAGIAN UMUM DAN KEPEGAWAIAN","233","3",NULL,NULL,NULL,NULL,NULL,NULL,"19.1.2"
"236",NULL,"19","BIDANG KOMUNIKASI","232","2",NULL,NULL,NULL,NULL,NULL,NULL,"19.2"
"237",NULL,"19","SEKSI PELAYANAN INFORMASI","236","3",NULL,NULL,NULL,NULL,NULL,NULL,"19.2.1"
"238",NULL,"19","SEKSI KOMUNIKASI DAN KELEMBAGAAN INFORMASI PUBLIK","236","3",NULL,NULL,NULL,NULL,NULL,NULL,"19.2.2"
"239",NULL,"19","BIDANG INFORMATIKA","232","2",NULL,NULL,NULL,NULL,NULL,NULL,"19.3"
"240",NULL,"19","SEKSI PENGELOLAAN JARINGAN KOMUNIKASI DATA","239","3",NULL,NULL,NULL,NULL,NULL,NULL,"19.3.1"
"241",NULL,"19","SEKSI PENGEMBANGAN SISTEM INFORMASI DAN WEB PEMERINTAHAN","239","3",NULL,NULL,NULL,NULL,NULL,NULL,"19.3.2"
"242",NULL,"19","SEKSI PENGEMBANGAN LAYANAN PENGADAAN SECARA ELEKTRONIK","239","3",NULL,NULL,NULL,NULL,NULL,NULL,"19.1.3"
"243",NULL,"19","BIDANG STATISTIK DAN PERSANDIAN","232","2",NULL,NULL,NULL,NULL,NULL,NULL,"19.4"
"244",NULL,"19","SEKSI STATISTIK","243","3",NULL,NULL,NULL,NULL,NULL,NULL,"19.4.1"
"245",NULL,"19","SEKSI PERSANDIAN","243","3",NULL,NULL,NULL,NULL,NULL,NULL,"19.4.2"
"246",NULL,"20","DINAS LINGKUNGAN HIDUP","0","1",NULL,NULL,NULL,NULL,NULL,NULL,"20"
"247",NULL,"20","SEKRETARIAT","246","2",NULL,NULL,NULL,NULL,NULL,NULL,"20.1"
"248",NULL,"20","SUB BAGIAN UMUM DAN KEPEGAWAIAN","247","3",NULL,NULL,NULL,NULL,NULL,NULL,"20.1.1"
"249",NULL,"20","SUB BAGIAN PERENCANAAN","247","3",NULL,NULL,NULL,NULL,NULL,NULL,"20.1.2"
"250",NULL,"20","SUB BAGIAN KEUANGAN","247","3",NULL,NULL,NULL,NULL,NULL,NULL,"20.1.3"
"251",NULL,"20","BIDANG TATA LINGKUNGAN","246","2",NULL,NULL,NULL,NULL,NULL,NULL,"20.2"
"252",NULL,"20","SEKSI PEMANTAUAN, PENGAWASAN DAN PENGKAJIAN DAMPAK LINGKUNGAN","251","3",NULL,NULL,NULL,NULL,NULL,NULL,"20.2.1"
"253",NULL,"20","SEKSI PEMELIHARAAN LINGKUNGAN HIDUP","251","3",NULL,NULL,NULL,NULL,NULL,NULL,"20.2.2"
"254",NULL,"20","BIDANG PERSAMPAHAN","246","2",NULL,NULL,NULL,NULL,NULL,NULL,"20.3"
"255",NULL,"20","SEKSI PENGOLAHAN PERSAMPAHAN DAN PENGELOLAAN LIMBAH B3","254","3",NULL,NULL,NULL,NULL,NULL,NULL,"20.3.1"
"256",NULL,"20","SEKSI PENGATURAN DAN PENGENDALIAN PERSAMPAHAN","254","3",NULL,NULL,NULL,NULL,NULL,NULL,"20.3.2"
"257",NULL,"20","BIDANG KEBERSIHAN","246","2",NULL,NULL,NULL,NULL,NULL,NULL,"20.4"
"258",NULL,"20","SEKSI PELAYANAN KEBERSIHAN","257","3",NULL,NULL,NULL,NULL,NULL,NULL,"20.4.1"
"259",NULL,"20","SEKSI PENGELOLAAN KEBERSIHAN","257","3",NULL,NULL,NULL,NULL,NULL,NULL,"20.4.2"
"260",NULL,"20","BIDANG PENEGAKAN HUKUM DAN PENGENDALIAN LINGKUNGAN HIDUP","246","2",NULL,NULL,NULL,NULL,NULL,NULL,"20.5"
"261",NULL,"20","SEKSI PENGADUAN, PENYELESAIAN SENGKETA DAN PENEGAKAN HUKUM LINGKUNGAN","260","3",NULL,NULL,NULL,NULL,NULL,NULL,"20.5.1"
"262",NULL,"20","SEKSI PENGENDALIAN PENCEMARAN DAN KERUSAKAN LINGKUNGAN","260","3",NULL,NULL,NULL,NULL,NULL,NULL,"20.5.2"
"263",NULL,"21","DINAS KOPERASI USAHA KECIL MENENGAH DAN TENAGA KERJA","0","1",NULL,NULL,NULL,NULL,NULL,NULL,"21"
"264",NULL,"21","SEKRETARIAT","263","2",NULL,NULL,NULL,NULL,NULL,NULL,"21.1"
"265",NULL,"21","SUB BAGIAN UMUM KEPEGAWAIAN","264","3",NULL,NULL,NULL,NULL,NULL,NULL,"21.1.1"
"266",NULL,"21","SUB BAGIAN PERENCANAAN","264","3",NULL,NULL,NULL,NULL,NULL,NULL,"21.1.2"
"267",NULL,"21","SUB BAGIAN KEUANGAN","264","3",NULL,NULL,NULL,NULL,NULL,NULL,"21.1.3"
"268",NULL,"21","KEPALA BIDANG BINA USAHA KOPERASI UMKM","263","2",NULL,NULL,NULL,NULL,NULL,NULL,"21.2"
"269",NULL,"21","SEKSI PENGELOLA LEMBAGA KEUANGAN","268","3",NULL,NULL,NULL,NULL,NULL,NULL,"21.2.1"
"270",NULL,"21","SEKSI PERMODALAN DAN PENGEMBANGAN USAHA","268","3",NULL,NULL,NULL,NULL,NULL,NULL,"21.2.2"
"271",NULL,"21","SEKSI PROMOSI, PEMASARAN DAN JARINGAN USAHA","268","3",NULL,NULL,NULL,NULL,NULL,NULL,"21.2.3"
"272",NULL,"21","BIDANG KELEMBAGAAN KOPERASI UMKM","263","2",NULL,NULL,NULL,NULL,NULL,NULL,"21.4"
"273",NULL,"21","SEKSI PENGAWASAN DAN AKUNTABILITAS","272","3",NULL,NULL,NULL,NULL,NULL,NULL,"21.4.1"
"274",NULL,"21","SEKSI ORGANISASI DAN TATALAKSANA KUMKM","272","3",NULL,NULL,NULL,NULL,NULL,NULL,"21.4.2"
"275",NULL,"21","SEKSI PENYULUHAN, PENDAFTARAN DAN HUKUM","272","3",NULL,NULL,NULL,NULL,NULL,NULL,"21.4.3"
"276",NULL,"21","BIDANG PELATIHAN KERJA DAN PENEMPATAN TENAGA KERJA","263","2",NULL,NULL,NULL,NULL,NULL,NULL,"21.5"
"277",NULL,"21","SEKSI PELATIHAN KERJA","276","3",NULL,NULL,NULL,NULL,NULL,NULL,"21.5.1"
"278",NULL,"21","SEKSI PENEMPATAN TENAGA KERJA DAN PERLUASAN KESEMPATAN KERJA","276","3",NULL,NULL,NULL,NULL,NULL,NULL,"21.5.2"
"279",NULL,"21","SEKSI INFORMASI PASAR KERJA DAN ANALIS PRODUKTIFITAS","276","3",NULL,NULL,NULL,NULL,NULL,NULL,"21.5.3"
"280",NULL,"21","BIDANG HUBUNGAN INDUSTRIAL DAN JAMINAN SOSIAL TENAGA KERJA","263","2",NULL,NULL,NULL,NULL,NULL,NULL,"21.6"
"281",NULL,"21","SEKSI PERSYARATAN KERJA","280","3",NULL,NULL,NULL,NULL,NULL,NULL,"21.6.1"
"282",NULL,"21","SEKSI PENGUPAHAN DAN JAMINAN SOSIAL TENAGA KERJA","280","3",NULL,NULL,NULL,NULL,NULL,NULL,"21.6.2"
"283",NULL,"21","SEKSI PENYELESAIAN DAN PERSELISIHAN HUBUNGAN INDUSTRIAL","280","3",NULL,NULL,NULL,NULL,NULL,NULL,"21.6.3"
"284",NULL,"22","DINAS PERDAGANGAN","0","1",NULL,NULL,NULL,NULL,NULL,NULL,"22"
"285",NULL,"22","SEKRETARIAT","284","2",NULL,NULL,NULL,NULL,NULL,NULL,"22.1"
"286",NULL,"22","SUB BAGIAN PERENCANAAN","285","3",NULL,NULL,NULL,NULL,NULL,NULL,"22.1.1"
"287",NULL,"22","SUB BAGIAN KEUANGAN","285","3",NULL,NULL,NULL,NULL,NULL,NULL,"22.1.2"
"288",NULL,"22","SUB BAGIAN UMUM DAN KEPEGAWAIAN","285","3",NULL,NULL,NULL,NULL,NULL,NULL,"22.1.3"
"289",NULL,"22","BIDANG PERDAGANGAN","284","2",NULL,NULL,NULL,NULL,NULL,NULL,"22.2"
"290",NULL,"22","SEKSI PERLINDUNGAN KONSUMEN DAN KEMETROLOGIAN","289","3",NULL,NULL,NULL,NULL,NULL,NULL,"22.2.1"
"291",NULL,"22","SEKSI BINA USAHA DAN SARANA DISTRIBUSI PERDAGANGAN","289","3",NULL,NULL,NULL,NULL,NULL,NULL,"22.2.2"
"292",NULL,"22","BIDANG PENGELOLAAN PASAR","284","2",NULL,NULL,NULL,NULL,NULL,NULL,"22.3"
"293",NULL,"22","SEKSI SARANA PRASARANA PASAR","292","3",NULL,NULL,NULL,NULL,NULL,NULL,"22.3.1"
"294",NULL,"22","SEKSI PENDAPATAN PASAR","292","3",NULL,NULL,NULL,NULL,NULL,NULL,"22.3.2"
"295",NULL,"22","BIDANG KETERTIBAN DAN PENGENDALIAN PEDAGANG KAKI LIMA","284","2",NULL,NULL,NULL,NULL,NULL,NULL,"22.4"
"296",NULL,"22","SEKSI KETERTIBAN PASAR","295","3",NULL,NULL,NULL,NULL,NULL,NULL,"22.4.1"
"297",NULL,"22","SEKSI PENGENDALIAN PEDAGANG KAKI LIMA","295","3",NULL,NULL,NULL,NULL,NULL,NULL,"22.4.2"
"298",NULL,"22","BIDANG PERINDUSTRIAN","284","2",NULL,NULL,NULL,NULL,NULL,NULL,"22.5"
"299",NULL,"22","SEKSI BINA SARANA DAN PENGEMBANGAN USAHA INDUSTRI","298","3",NULL,NULL,NULL,NULL,NULL,NULL,"22.5.1"
"300",NULL,"22","SEKSI EKONOMI KREATIF","298","3",NULL,NULL,NULL,NULL,NULL,NULL,"22.5.2"
"301",NULL,"23","DINAS KETAHANAN PANGAN, PERTANIAN DAN PERIKANAN","0","1",NULL,NULL,NULL,NULL,NULL,NULL,"23"
"302",NULL,"23","SEKRETARIAT","301","2",NULL,NULL,NULL,NULL,NULL,NULL,"23.1"
"303",NULL,"23","SUB BAGIAN UMUM DAN KEPEGAWAIAN","302","3",NULL,NULL,NULL,NULL,NULL,NULL,"23.1.1"
"304",NULL,"23","SUB BAGIAN PERENCANAAN","302","3",NULL,NULL,NULL,NULL,NULL,NULL,"23.1.2"
"305",NULL,"23","SUB BAGIAN KEUANGAN","302","3",NULL,NULL,NULL,NULL,NULL,NULL,"23.1.3"
"306",NULL,"23","BIDANG KETAHANAN PANGAN","301","2",NULL,NULL,NULL,NULL,NULL,NULL,"23.2"
"307",NULL,"23","SEKSI KETERSEDIAAN, DISTRIBUSI DAN CADANGAN PANGAN","306","3",NULL,NULL,NULL,NULL,NULL,NULL,"23.2.1"
"308",NULL,"23","SEKSI  PENGANEKARAGAMAN KONSUMSI PANGAN","306","3",NULL,NULL,NULL,NULL,NULL,NULL,"23.2.2"
"309",NULL,"23","SEKSI MUTU KEAMANAN PANGAN","306","3",NULL,NULL,NULL,NULL,NULL,NULL,"23.2.3"
"310",NULL,"23","BIDANG PERTANIAN DAN PERKEBUNAN","301","2",NULL,NULL,NULL,NULL,NULL,NULL,"23.3"
"311",NULL,"23","SEKSI TANAMANAN PANGAN","310","3",NULL,NULL,NULL,NULL,NULL,NULL,"23.3.1"
"312",NULL,"23","SEKSI HORTIKULTURA DAN PERKEBUNAN","310","3",NULL,NULL,NULL,NULL,NULL,NULL,"23.3.2"
"313",NULL,"23","BIDANG PETERNAKAN","301","2",NULL,NULL,NULL,NULL,NULL,NULL,"23.4"
"314",NULL,"23","SEKSI PRODUKSI, BINA USAHA DAN PENGOLAHAN HASIL PETERNAKAN","313","3",NULL,NULL,NULL,NULL,NULL,NULL,"23.4.1"
"315",NULL,"23","SEKSI KESEHATAN HEWAN DAN KESEHATAN MASYARAKAT VETERINER","313","3",NULL,NULL,NULL,NULL,NULL,NULL,"23.4.2"
"316",NULL,"23","BIDANG PERIKANAN","301","2",NULL,NULL,NULL,NULL,NULL,NULL,"23.5"
"317",NULL,"23","SEKSI BUDIDAYA DAN BINA USAHA PENGOLAHAN HASIL PERIKANAN","316","3",NULL,NULL,NULL,NULL,NULL,NULL,"23.5.1"
"318",NULL,"23","SEKSI PENGAWASAN DAN PENGENDALIAN SUMBER DAYA PERIKANAN","316","3",NULL,NULL,NULL,NULL,NULL,NULL,"23.5.2"
"319",NULL,"23","BIDANG PENYULUHAN","301","2",NULL,NULL,NULL,NULL,NULL,NULL,"23.6"
"320",NULL,"23","SEKSI PENGEMBANGAN SDM PENYULUHAN DAN PETANI","319","3",NULL,NULL,NULL,NULL,NULL,NULL,"23.6.1"
"321",NULL,"23","SEKSI MEDIA PENYULUHAN DAN KEMITRAAN","319","3",NULL,NULL,NULL,NULL,NULL,NULL,"23.6.2"
"322",NULL,"24","DINAS PEMUDA OLAHRAGA, KEBUDAYAAN DAN PARIWISATA","0","1",NULL,NULL,NULL,NULL,NULL,NULL,"24"
"323",NULL,"24","SEKRETARIAT","322","2",NULL,NULL,NULL,NULL,NULL,NULL,"24.1"
"324",NULL,"24","SUB BAGIAN UMUM DAN KEPEGAWAIAN","323","3",NULL,NULL,NULL,NULL,NULL,NULL,"24.1.1"
"325",NULL,"24","SUB BAGIAN PERENCANAAN","323","3",NULL,NULL,NULL,NULL,NULL,NULL,"24.1.2"
"326",NULL,"24","SUB BAGIAN KEUANGAN","323","3",NULL,NULL,NULL,NULL,NULL,NULL,"24.1.3"
"327",NULL,"24","BIDANG PEMUDA","322","2",NULL,NULL,NULL,NULL,NULL,NULL,"24.2"
"328",NULL,"24","SEKSI BINA KAPASITAS KEPEMUDAAN DAN KEPRAMUKAAN","327","3",NULL,NULL,NULL,NULL,NULL,NULL,"24.2.1"
"329",NULL,"24","SEKSI KELEMBAGAAN DAN PEMBERDAYAAN KEPEMUDAAN","327","3",NULL,NULL,NULL,NULL,NULL,NULL,"24.2.2"
"330",NULL,"24","BIDANG OLAHRAGA","322","2",NULL,NULL,NULL,NULL,NULL,NULL,"24.3"
"331",NULL,"24","SEKSI KELEMBAGAAN KEOLAHRAGAAN","330","3",NULL,NULL,NULL,NULL,NULL,NULL,"24.3.1"
"332",NULL,"24","SEKSI OLAHRAGA BERPRESTASI DAN OLAHRAGA KEMASYARAKATAN","330","3",NULL,NULL,NULL,NULL,NULL,NULL,"24.3.2"
"333",NULL,"24","BIDANG KEBUDAYAAN","322","2",NULL,NULL,NULL,NULL,NULL,NULL,"24.4"
"334",NULL,"24","SEKSI KELEMBAGAAN DAN KEMITRAAN","333","3",NULL,NULL,NULL,NULL,NULL,NULL,"24.4.1"
"335",NULL,"24","SEKSI SENI BUDAYA DAN KEPURBAKALAAN","333","3",NULL,NULL,NULL,NULL,NULL,NULL,"24.4.2"
"336",NULL,"24","BIDANG PARIWISATA","322","2",NULL,NULL,NULL,NULL,NULL,NULL,"24.5"
"337",NULL,"24","SEKSI PEMBINAAN DAN PENGENBANGAN DESTINASI PARIWISATA","336","3",NULL,NULL,NULL,NULL,NULL,NULL,"24.5.1"
"338",NULL,"24","SEKSI KEMITRAAN DAN PROMOSI PARIWISATA","336","3",NULL,NULL,NULL,NULL,NULL,NULL,"24.5.2"
"339",NULL,"25","DINAS PEKERJAAN UMUM DAN PENATAAN RUANG","0","1",NULL,NULL,NULL,NULL,NULL,NULL,"25"
"340",NULL,"25","SEKRETARIAT","339","2",NULL,NULL,NULL,NULL,NULL,NULL,"25.1"
"341",NULL,"25","SUB BAGIAN UMUM DAN KEPEGAWAIAN","340","3",NULL,NULL,NULL,NULL,NULL,NULL,"25.1.1"
"342",NULL,"25","SUB BAGIAN PERENCANAAN","340","3",NULL,NULL,NULL,NULL,NULL,NULL,"25.1.2"
"343",NULL,"25","SUB BAGIAN KEUANGAN","340","3",NULL,NULL,NULL,NULL,NULL,NULL,"25.1.3"
"344",NULL,"25","BIDANG BINA MARGA","339","2",NULL,NULL,NULL,NULL,NULL,NULL,"25.2"
"345",NULL,"25","SEKSI PEMBANGUNAN JALAN DAN JEMBATAN","344","3",NULL,NULL,NULL,NULL,NULL,NULL,"25.2.1"
"346",NULL,"25","SEKSI PEMELIHARAAN JALAN DAN JEMBATAN","344","3",NULL,NULL,NULL,NULL,NULL,NULL,"25.2.2"
"347",NULL,"25","BIDANG CIPTA KARYA","339","2",NULL,NULL,NULL,NULL,NULL,NULL,"25.3"
"348",NULL,"25","SEKSI PENGEMBANGAN PRASARANA PERMUKIMAN DAN BANGUNAN GEDUNG","347","3",NULL,NULL,NULL,NULL,NULL,NULL,"25.3.1"
"349",NULL,"25","SEKSI AIR BERSIH DAN PENYEHATAN LINGKUNGAN","347","3",NULL,NULL,NULL,NULL,NULL,NULL,"25.3.2"
"350",NULL,"25","BIDANG SUMBER DAYA AIR","339","2",NULL,NULL,NULL,NULL,NULL,NULL,"25.4"
"351",NULL,"25","SEKSI PENGEMBANGAN PRASARANA IRIGASI, DANAU DAN RAWA","350","3",NULL,NULL,NULL,NULL,NULL,NULL,"25.4.1"
"352",NULL,"25","SEKSI PENGEMBANGAN PRASARANA SUNGAI DAN WADUK","350","3",NULL,NULL,NULL,NULL,NULL,NULL,"25.4.2"
"353",NULL,"25","BIDANG TATA RUANG","339","2",NULL,NULL,NULL,NULL,NULL,NULL,"25.5"
"354",NULL,"25","SEKSI PERENCANAAN DAN PENATAAN RUANG","353","3",NULL,NULL,NULL,NULL,NULL,NULL,"25.5.1"
"355",NULL,"25","SEKSI PEMANFAATAN, PENGENDALIAN DAN EVALUASI TATA RUANG","353","3",NULL,NULL,NULL,NULL,NULL,NULL,"25.5.2"
"356",NULL,"25","BIDANG PENGEMBANGAN KONSTRUKSI","339","2",NULL,NULL,NULL,NULL,NULL,NULL,"25.6"
"357",NULL,"25","SEKSI PEMBINAAN USAHA JASA KONSTRUKSI","356","3",NULL,NULL,NULL,NULL,NULL,NULL,"25.6.1"
"358",NULL,"25","SEKSI PERALATAN DAN UJI MUTU","356","3",NULL,NULL,NULL,NULL,NULL,NULL,"25.6.2"
"849",NULL,"161","SUB BAGIAN TATA USAHA UPT PENGUJIAN DAN PERBENGKELAN KENDARAAN BERMOTOR","848","3",NULL,NULL,NULL,NULL,NULL,NULL,"161.5.1"
"848",NULL,"161","UPT PENGUJIAN DAN PERBENGKELAN KENDARAAN BERMOTOR","836","2",NULL,NULL,NULL,NULL,NULL,NULL,"161.5"
"845",NULL,"161","SEKSI ANGKUTAN DAN TERMINAL","843","3",NULL,NULL,NULL,NULL,NULL,NULL,"161.3.2"
"844",NULL,"161","SEKSI PENGEMBANGAN PRASARANA","843","3",NULL,NULL,NULL,NULL,NULL,NULL,"161.3.1"
"369",NULL,"27","DINAS KESEHATAN","0","1",NULL,NULL,NULL,NULL,NULL,NULL,"27"
"370",NULL,"27","SEKRETARIAT","369","2",NULL,NULL,NULL,NULL,NULL,NULL,"27.1"
"371",NULL,"27","SUB BAGIAN UMUM DAN KEPEGAWAIAN","370","3",NULL,NULL,NULL,NULL,NULL,NULL,"27.1.1"
"372",NULL,"27","SUB BAGIAN PERENCANAAN DAN KEUANGAN","370","3",NULL,NULL,NULL,NULL,NULL,NULL,"27.1.2"
"373",NULL,"27","BIDANG KESEHATAN MASYARAKAT","369","2",NULL,NULL,NULL,NULL,NULL,NULL,"27.2"
"374",NULL,"27","SEKSI KESEHATAN KELUARGA DAN GIZI","373","3",NULL,NULL,NULL,NULL,NULL,NULL,"27.2.1"
"375",NULL,"27","SEKSI PROMOSI DAN PEMBERDAYAAN KESEHATAN","373","3",NULL,NULL,NULL,NULL,NULL,NULL,"27.2.2"
"376",NULL,"27","SEKSI KESEHATAN LINGKUNGAN, KESEHATAN KERJA DAN OLAHRAGA","373","3",NULL,NULL,NULL,NULL,NULL,NULL,"27.2.3"
"377",NULL,"27","BIDANG PENCEGAHAN DAN PENGENDALIAN PENYAKIT","369","2",NULL,NULL,NULL,NULL,NULL,NULL,"27.3"
"378",NULL,"27","SEKSI SURVEILANCE DAN IMUNISASI","377","3",NULL,NULL,NULL,NULL,NULL,NULL,"27.3.1"
"379",NULL,"27","SEKSI PENCEGAHAN DAN PENGENDALIAN PENYAKIT MENULAR","377","3",NULL,NULL,NULL,NULL,NULL,NULL,"27.3.2"
"380",NULL,"27","SEKSI PENGENDALIAN PENYAKIT TIDAK MENULAR DAN KESWA","377","3",NULL,NULL,NULL,NULL,NULL,NULL,"27.3.3"
"381",NULL,"27","BIDANG PELAYANAN DAN SUMBER DAYA KESEHATAN","369","2",NULL,NULL,NULL,NULL,NULL,NULL,"27.4"
"382",NULL,"27","SEKSI PELAYANAN KESEHATAN","381","3",NULL,NULL,NULL,NULL,NULL,NULL,"27.4.1"
"383",NULL,"27","SEKSI KEFARMASIAN DAN ALKES","381","3",NULL,NULL,NULL,NULL,NULL,NULL,"27.4.2"
"384",NULL,"27","SEKSI SDM KESEHATAN","381","3",NULL,NULL,NULL,NULL,NULL,NULL,"27.4.3"
"385",NULL,"28","DINAS PENDIDIKAN","0","1",NULL,NULL,NULL,NULL,NULL,NULL,"28"
"386",NULL,"28","SEKRETARIAT","385","2",NULL,NULL,NULL,NULL,NULL,NULL,"28.1"
"387",NULL,"28","SUB BAGIAN UMUM DAN KEPEGAWAIAN","386","3",NULL,NULL,NULL,NULL,NULL,NULL,"28.1.1"
"388",NULL,"28","SUB BAGIAN PERENCANAAN","386","3",NULL,NULL,NULL,NULL,NULL,NULL,"28.1.2"
"389",NULL,"28","SUB BAGIAN KEUANGAN","386","3",NULL,NULL,NULL,NULL,NULL,NULL,"28.1.3"
"390",NULL,"28","BIDANG PEMBINAAN PAUD DAN PENDIDIKAN MASYARAKAT","385","2",NULL,NULL,NULL,NULL,NULL,NULL,"28.2"
"391",NULL,"28","SEKSI PAUD","390","3",NULL,NULL,NULL,NULL,NULL,NULL,"28.2.1"
"392",NULL,"28","SEKSI KELEMBAGAAN DAN PENDIDIKAN MASYARAKAT","390","3",NULL,NULL,NULL,NULL,NULL,NULL,"28.2.2"
"393",NULL,"28","SEKSI SARANA DAN PRASARANA PAUD","390","3",NULL,NULL,NULL,NULL,NULL,NULL,"28.2.3"
"394",NULL,"28","BIDANG PEMBINAAN SEKOLAH DASAR","385","2",NULL,NULL,NULL,NULL,NULL,NULL,"28.3"
"395",NULL,"28","SEKSI KURIKULUM DAN KELEMBAGAAN SD","394","3",NULL,NULL,NULL,NULL,NULL,NULL,"28.3.1"
"396",NULL,"28","SEKSI PESERTA DIDIK SD","394","3",NULL,NULL,NULL,NULL,NULL,NULL,"28.3.2"
"397",NULL,"28","SEKSI SARANA DAN PRASARANA SD","394","3",NULL,NULL,NULL,NULL,NULL,NULL,"28.3.3"
"398",NULL,"28","BIDANG PEMBINAAN SMP","385","2",NULL,NULL,NULL,NULL,NULL,NULL,"28.4"
"399",NULL,"28","SEKSI KURIKULUM DAN KELEMBAGAAN SMP","398","3",NULL,NULL,NULL,NULL,NULL,NULL,"28.4.1"
"400",NULL,"28","SEKSI PESERTA DIDIK SMP","398","3",NULL,NULL,NULL,NULL,NULL,NULL,"28.4.2"
"401",NULL,"28","SEKSI SARANA DAN PRASARANA SMP","398","3",NULL,NULL,NULL,NULL,NULL,NULL,"28.4.3"
"402",NULL,"28","BIDANG PEMBINAAN PENDIDIK DAN TENAGA KEPENDIDIKAN","385","2",NULL,NULL,NULL,NULL,NULL,NULL,"28.5"
"403",NULL,"28","SEKSI PTK PAUD DAN DIKMAS","402","3",NULL,NULL,NULL,NULL,NULL,NULL,"28.5.1"
"404",NULL,"28","SEKSI PTK SD","402","3",NULL,NULL,NULL,NULL,NULL,NULL,"28.5.2"
"405",NULL,"28","SEKSI PTK SMP","402","3",NULL,NULL,NULL,NULL,NULL,NULL,"28.5.3"
"406",NULL,"29","RUMAH SAKIT DAERAH IDAMAN","0","1",NULL,NULL,NULL,NULL,NULL,NULL,"29"
"407",NULL,"29","BAGIAN TATA USAHA","406","2",NULL,NULL,NULL,NULL,NULL,NULL,"29.1"
"408",NULL,"29","SUB BAGIAN PERENCANAAN DAN KEUANGAN","407","3",NULL,NULL,NULL,NULL,NULL,NULL,"29.1.1"
"409",NULL,"29","SUB BAGIAN UMUM DAN PERLENGKAPAN","407","3",NULL,NULL,NULL,NULL,NULL,NULL,"29.1.2"
"410",NULL,"29","SUB BAGIAN KEPEGAWAIAN","407","3",NULL,NULL,NULL,NULL,NULL,NULL,"29.1.3"
"411",NULL,"29","BIDANG PELAYANAN","406","2",NULL,NULL,NULL,NULL,NULL,NULL,"29.2"
"412",NULL,"29","SEKSI PELAYANAN MEDIK","411","3",NULL,NULL,NULL,NULL,NULL,NULL,"29.2.1"
"413",NULL,"29","SEKSI BINA MUTU PELAYANAN","411","3",NULL,NULL,NULL,NULL,NULL,NULL,"29.2.2"
"414",NULL,"29","BIDANG KEPERAWATAN","406","2",NULL,NULL,NULL,NULL,NULL,NULL,"29.3"
"415",NULL,"29","SEKSI ASUHAN KEPERAWATAN","414","3",NULL,NULL,NULL,NULL,NULL,NULL,"29.3.1"
"416",NULL,"29","SEKSI DIKLAT DAN PENYULUHAN","414","3",NULL,NULL,NULL,NULL,NULL,NULL,"29.3.2"
"417",NULL,"29","BIDANG PENUNJANG","406","2",NULL,NULL,NULL,NULL,NULL,NULL,"29.4"
"418",NULL,"29","SEKSI SARANA DAN PRASARANA MEDIK","417","3",NULL,NULL,NULL,NULL,NULL,NULL,"29.4.1"
"419",NULL,"29","SEKSI REKAM MEDIK","417","3",NULL,NULL,NULL,NULL,NULL,NULL,"29.4.2"
"437",NULL,"32","KECAMATAN LANDASAN ULIN","0","1",NULL,NULL,NULL,NULL,NULL,NULL,"32"
"820",NULL,"159","SEKSI PEMERINTAHAN","815","2",NULL,NULL,NULL,NULL,NULL,NULL,"159.2"
"440",NULL,"33","KECAMATAN CEMPAKA","0","1",NULL,NULL,NULL,NULL,NULL,NULL,"33"
"802",NULL,"158","BADAN KESATUAN BANGSA DAN POLITIK","0","1",NULL,NULL,NULL,NULL,NULL,NULL,"158"
"443",NULL,"36","KECAMATAN HRIS SELATAN","0","1",NULL,NULL,NULL,NULL,NULL,NULL,"36"
"821",NULL,"159","SEKSI KETENTRAMAN DAN KETERTIBAN","815","2",NULL,NULL,NULL,NULL,NULL,NULL,"159.3"
"803",NULL,"158","SEKRETARIAT","802","2",NULL,NULL,NULL,NULL,NULL,NULL,"158.1"
"804",NULL,"158","BIDANG POLITIK","802","2",NULL,NULL,NULL,NULL,NULL,NULL,"158.2"
"805",NULL,"158","BIDANG IDIOLOGI, WAWASAN KEBANGSAAN DAN KEWASPADAAN NASIONAL","802","2",NULL,NULL,NULL,NULL,NULL,NULL,"158.3"
"852",NULL,"3","STAF AHLI WALIKOTA BIDANG EKONOMI DAN KEUANGAN","3","2",NULL,NULL,NULL,NULL,NULL,NULL,"3.1"
"806",NULL,"158","BIDANG KETAHANAN SENI, BUDAYA, AGAMA KEMASYARAKATAN DAN EKONOMI","802","2",NULL,NULL,NULL,NULL,NULL,NULL,"158.4"
"807",NULL,"158","SUB BAGIAN PERENCANAAN DAN KEUANGAN","803","3",NULL,NULL,NULL,NULL,NULL,NULL,"158.1.1"
"808",NULL,"158","SUB BAGIAN UMUM DAN KEPEGAWAIAN","803","3",NULL,NULL,NULL,NULL,NULL,NULL,"158.1.2"
"809",NULL,"158","SUB BIDANG DEMOKRATISASI DAN PENDIDIKAN POLITIK","804","3",NULL,NULL,NULL,NULL,NULL,NULL,"158.2.1"
"810",NULL,"158","SUB BIDANG KELEMBAGAAN PARTAI POLITIK DAN FASILITASI PEMILU","804","3",NULL,NULL,NULL,NULL,NULL,NULL,"158.2.2"
"811",NULL,"158","SUB BIDANG IDIOLOGI, WAWASAN KEBANGSAAN, KEWASPADAAN DINI DAN PEMANTAUAN ORANG ASING","805","3",NULL,NULL,NULL,NULL,NULL,NULL,"158.3.1"
"812",NULL,"158","SUB BIDANG KERJASAMA INTELIJEN DAN BELA NEGARA","805","3",NULL,NULL,NULL,NULL,NULL,NULL,"158.3.2"
"853",NULL,"3","STAF AHLI WALIKOTA BIDANG HUKUM DAN POLITIK","3","2",NULL,NULL,NULL,NULL,NULL,NULL,"3.2"
"854",NULL,"3","STAF AHLI WALIKOTA BIDANG PEMERINTAHAN, PEMBANGUNAN DAN KEMASYARAKATAN","3","2",NULL,NULL,NULL,NULL,NULL,NULL,"3.3"
"847",NULL,"161","SUB BAGIAN TATA USAHA UPT PENGELOLAAN PERPARKIRAN","846","3",NULL,NULL,NULL,NULL,NULL,NULL,"161.4.1"
"846",NULL,"161","UPT PENGELOLAAN PERPARKIRAN","836","2",NULL,NULL,NULL,NULL,NULL,NULL,"161.4"
"843",NULL,"161","BIDANG SARANA PRASARANA DAN TRANSPORTASI","836","2",NULL,NULL,NULL,NULL,NULL,NULL,"161.3"
"842",NULL,"161","SEKSI REKAYASA DAN KESELAMATAN LALU LINTAS","840","3",NULL,NULL,NULL,NULL,NULL,NULL,"161.2.2"
"834",NULL,"4","SUB BAGIAN TATA LAKSANA DAN PELAYANAN PUBLIK","832","4",NULL,NULL,NULL,NULL,NULL,NULL,"4.3.3.2"
"833",NULL,"4","SUB BAGIAN KELEMBAGAAN DAN ANFORJAB","832","4",NULL,NULL,NULL,NULL,NULL,NULL,"4.3.3.1"
"832",NULL,"4","BAGIAN ORGANISASI","31","3",NULL,NULL,NULL,NULL,NULL,NULL,"4.3.3"
"484",NULL,"39","SEKRETARIAT KOMISI PEMILIHAN DAERAH","0","1",NULL,NULL,NULL,NULL,NULL,NULL,"39"
"850",NULL,"162","BADAN NARKOTIKA NASIONAL KOTA HRIS","0","1",NULL,NULL,NULL,NULL,NULL,NULL,"162"
"489",NULL,"39","SUB BAGIAN UMUM","484","2",NULL,NULL,NULL,NULL,NULL,NULL,"39.1"
"490",NULL,"39","SUB BAGIAN PROGRAM DAN DATA","484","2",NULL,NULL,NULL,NULL,NULL,NULL,"39.2"
"491",NULL,"39","SUB BAGIAN HUKUM","484","2",NULL,NULL,NULL,NULL,NULL,NULL,"39.3"
"492",NULL,"39","SUB BAGIAN TEKNIS PEMILU DAN HUMAS","484","2",NULL,NULL,NULL,NULL,NULL,NULL,"39.4"
"493",NULL,"36","SEKRETARIAT","443","2",NULL,NULL,NULL,NULL,NULL,NULL,"36.1"
"494",NULL,"36","SUB BAGIAN PERENCANAAN DAN KEUANGAN","493","3",NULL,NULL,NULL,NULL,NULL,NULL,"36.1.1"
"495",NULL,"36","SUB BAGIAN UMUM DAN KEPEGAWAIAN","493","3",NULL,NULL,NULL,NULL,NULL,NULL,"36.1.2"
"496",NULL,"36","SEKSI PEMERINTAHAN","443","2",NULL,NULL,NULL,NULL,NULL,NULL,"36.2"
"497",NULL,"36","SEKSI KETENTRAMAN DAN KETERTIBAN","443","2",NULL,NULL,NULL,NULL,NULL,NULL,"36.3"
"498",NULL,"36","SEKSI EKONOMI DAN PEMBANGUNAN","443","2",NULL,NULL,NULL,NULL,NULL,NULL,"36.4"
"499",NULL,"36","SEKSI KESEJAHTERAAN SOSIAL","443","2",NULL,NULL,NULL,NULL,NULL,NULL,"36.5"
"500",NULL,"33","SEKRETARIAT","440","2",NULL,NULL,NULL,NULL,NULL,NULL,"33.1"
"501",NULL,"33","SUB BAGIAN PERENCANAAN DAN KEUANGAN","500","3",NULL,NULL,NULL,NULL,NULL,NULL,"33.1.1"
"502",NULL,"33","SUB BAGIAN UMUM DAN KEPEGAWAIAN","500","3",NULL,NULL,NULL,NULL,NULL,NULL,"33.1.2"
"503",NULL,"33","SEKSI PEMERINTAHAN","440","2",NULL,NULL,NULL,NULL,NULL,NULL,"33.2"
"504",NULL,"33","SEKSI KETENTRAMAN DAN KETERTIBAN","440","2",NULL,NULL,NULL,NULL,NULL,NULL,"33.3"
"505",NULL,"33","SEKSI EKONOMI DAN PEMBANGUNAN","440","2",NULL,NULL,NULL,NULL,NULL,NULL,"33.4"
"506",NULL,"33","SEKSI KESEJAHTERAAN SOSIAL","440","2",NULL,NULL,NULL,NULL,NULL,NULL,"33.5"
"822",NULL,"159","SEKSI EKONOMI DAN PEMBANGUNAN","815","2",NULL,NULL,NULL,NULL,NULL,NULL,"159.4"
"823",NULL,"159","SEKSI KESEJAHTERAAN SOSIAL","815","2",NULL,NULL,NULL,NULL,NULL,NULL,"159.5"
"824",NULL,"160","SEKRETARIAT","816","2",NULL,NULL,NULL,NULL,NULL,NULL,"160.1"
"825",NULL,"160","SUB BAGIAN UMUM DAN KEPEGAWAIAN","824","3",NULL,NULL,NULL,NULL,NULL,NULL,"160.1.1"
"826",NULL,"160","SUB BAGIAN PERENCANAAN DAN KEUANGAN","824","3",NULL,NULL,NULL,NULL,NULL,NULL,"160.1.2"
"827",NULL,"160","SEKSI PEMERINTAHAN","816","2",NULL,NULL,NULL,NULL,NULL,NULL,"160.2"
"518",NULL,"40","SDN 1 KOMET","0","1",NULL,NULL,NULL,NULL,NULL,NULL,"40"
"519",NULL,"41","SDN 2 KOMET","0","1",NULL,NULL,NULL,NULL,NULL,NULL,"41"
"520",NULL,"42","SDN 3 KOMET","0","1",NULL,NULL,NULL,NULL,NULL,NULL,"42"
"521",NULL,"43","SDN 1 KEMUNING","0","1",NULL,NULL,NULL,NULL,NULL,NULL,"43"
"522",NULL,"44","SDN 4 KOMET","0","1",NULL,NULL,NULL,NULL,NULL,NULL,"44"
"523",NULL,"45","SDN 2 KEMUNING","0","1",NULL,NULL,NULL,NULL,NULL,NULL,"45"
"525",NULL,"46","SDN 3 KEMUNING","0","1",NULL,NULL,NULL,NULL,NULL,NULL,"46"
"819",NULL,"159","SUB BAGIAN PERENCANAAN DAN KEUANGAN","817","3",NULL,NULL,NULL,NULL,NULL,NULL,"159.1.2"
"527",NULL,"47","SDN 1 LOKTABAT SELATAN","0","1",NULL,NULL,NULL,NULL,NULL,NULL,"47"
"529",NULL,"48","SDN 2 LOKTABAT SELATAN","0","1",NULL,NULL,NULL,NULL,NULL,NULL,"48"
"818",NULL,"159","SUB BAGIAN UMUM DAN KEPEGAWAIAN","817","3",NULL,NULL,NULL,NULL,NULL,NULL,"159.1.1"
"817",NULL,"159","SEKRETARIAT","815","2",NULL,NULL,NULL,NULL,NULL,NULL,"159.1"
"816",NULL,"160","KECAMATAN LIANG ANGGANG","0","1",NULL,NULL,NULL,NULL,NULL,NULL,"160"
"533",NULL,"49","SDN 1 CEMPAKA","0","1",NULL,NULL,NULL,NULL,NULL,NULL,"49"
"815",NULL,"159","KECAMATAN HRIS UTARA","0","1",NULL,NULL,NULL,NULL,NULL,NULL,"159"
"535",NULL,"50","SDN 2 CEMPAKA","0","1",NULL,NULL,NULL,NULL,NULL,NULL,"50"
"536",NULL,"32","SEKRETARIAT","437","2",NULL,NULL,NULL,NULL,NULL,NULL,"32.1"
"537",NULL,"32","SUB BAGIAN PERENCANAAN DAN KEUANGAN","536","3",NULL,NULL,NULL,NULL,NULL,NULL,"32.1.1"
"538",NULL,"32","SUB BAGIAN UMUM DAN KEPEGAWAIAN","536","3",NULL,NULL,NULL,NULL,NULL,NULL,"32.1.2"
"539",NULL,"51","SDN 3 CEMPAKA","0","1",NULL,NULL,NULL,NULL,NULL,NULL,"51"
"540",NULL,"32","SEKSI PEMERINTAHAN","437","2",NULL,NULL,NULL,NULL,NULL,NULL,"32.2"
"541",NULL,"32","SEKSI KETENTRAMAN DAN KETERTIBAN","437","2",NULL,NULL,NULL,NULL,NULL,NULL,"32.3"
"542",NULL,"32","SEKSI EKONOMI DAN PEMBANGUNAN","437","2",NULL,NULL,NULL,NULL,NULL,NULL,"32.4"
"543",NULL,"52","SDN 4 CEMPAKA","0","1",NULL,NULL,NULL,NULL,NULL,NULL,"52"
"544",NULL,"32","SEKSI KESEJAHTERAAN SOSIAL","437","2",NULL,NULL,NULL,NULL,NULL,NULL,"32.5"
"545",NULL,"53","SDN 5 CEMPAKA","0","1",NULL,NULL,NULL,NULL,NULL,NULL,"53"
"546",NULL,"54","SDN 6 CEMPAKA","0","1",NULL,NULL,NULL,NULL,NULL,NULL,"54"
"547",NULL,"55","SDN 1 SUNGAI TIUNG","0","1",NULL,NULL,NULL,NULL,NULL,NULL,"55"
"548",NULL,"56","SDN 2 SUNGAI TIUNG","0","1",NULL,NULL,NULL,NULL,NULL,NULL,"56"
"549",NULL,"57","SDN 3 SUNGAI TIUNG","0","1",NULL,NULL,NULL,NULL,NULL,NULL,"57"
"550",NULL,"58","SDN 1 PALAM","0","1",NULL,NULL,NULL,NULL,NULL,NULL,"58"
"551",NULL,"27","UPT INSTALASI FARMASI","369","2",NULL,NULL,NULL,NULL,NULL,NULL,"27.5"
"552",NULL,"27","SUB BAGIAN TATA USAHA","551","3",NULL,NULL,NULL,NULL,NULL,NULL,"27.5.1"
"553",NULL,"59","SDN 2 PALAM","0","1",NULL,NULL,NULL,NULL,NULL,NULL,"59"
"554",NULL,"60","SDN 3 PALAM","0","1",NULL,NULL,NULL,NULL,NULL,NULL,"60"
"555",NULL,"61","SDN 1 MENTAOS","0","1",NULL,NULL,NULL,NULL,NULL,NULL,"61"
"556",NULL,"62","SDN 1 BANGKAL","0","1",NULL,NULL,NULL,NULL,NULL,NULL,"62"
"557",NULL,"63","SDN 2 BANGKAL","0","1",NULL,NULL,NULL,NULL,NULL,NULL,"63"
"558",NULL,"64","SDN 3 BANGKAL","0","1",NULL,NULL,NULL,NULL,NULL,NULL,"64"
"559",NULL,"65","PUSKESMAS HRIS SELATAN","0","1",NULL,NULL,NULL,NULL,NULL,NULL,"65"
"560",NULL,"66","SDN 1 GUNTUNG PAYUNG","0","1",NULL,NULL,NULL,NULL,NULL,NULL,"66"
"561",NULL,"67","PUSKESMAS HRIS UTARA","0","1",NULL,NULL,NULL,NULL,NULL,NULL,"67"
"562",NULL,"68","PUSKESMAS GUNTUNG PAYUNG","0","1",NULL,NULL,NULL,NULL,NULL,NULL,"68"
"563",NULL,"69","PUSKESMAS GUNTUNG MANGGIS","0","1",NULL,NULL,NULL,NULL,NULL,NULL,"69"
"564",NULL,"70","PUSKESMAS LANDASAN ULIN","0","1",NULL,NULL,NULL,NULL,NULL,NULL,"70"
"565",NULL,"71","SDN 2 GUNTUNG PAYUNG","0","1",NULL,NULL,NULL,NULL,NULL,NULL,"71"
"566",NULL,"72","PUSKESMAS LIANG ANGGANG","0","1",NULL,NULL,NULL,NULL,NULL,NULL,"72"
"567",NULL,"73","SDN 3 GUNTUNG PAYUNG","0","1",NULL,NULL,NULL,NULL,NULL,NULL,"73"
"568",NULL,"74","SDN 1 GUNTUNG MANGGIS","0","1",NULL,NULL,NULL,NULL,NULL,NULL,"74"
"569",NULL,"75","SDN 2 GUNTUNG MANGGIS","0","1",NULL,NULL,NULL,NULL,NULL,NULL,"75"
"570",NULL,"76","SDN 3 GUNTUNG MANGGIS","0","1",NULL,NULL,NULL,NULL,NULL,NULL,"76"
"571",NULL,"77","PUSKESMAS SUNGAI BESAR","0","1",NULL,NULL,NULL,NULL,NULL,NULL,"77"
"572",NULL,"78","PUSKESMAS SUNGAI ULIN","0","1",NULL,NULL,NULL,NULL,NULL,NULL,"78"
"573",NULL,"79","SDN 4 GUNTUNG MANGGIS","0","1",NULL,NULL,NULL,NULL,NULL,NULL,"79"
"574",NULL,"80","SDN 2 MENTAOS","0","1",NULL,NULL,NULL,NULL,NULL,NULL,"80"
"575",NULL,"81","PUSKESMAS RAWAT INAP CEMPAKA","0","1",NULL,NULL,NULL,NULL,NULL,NULL,"81"
"576",NULL,"82","SDN 5 GUNTUNG MANGGIS","0","1",NULL,NULL,NULL,NULL,NULL,NULL,"82"
"577",NULL,"65","SUB BAGIAN TATA USAHA","559","2",NULL,NULL,NULL,NULL,NULL,NULL,"65.1"
"578",NULL,"83","SDN 1 LANDASAN ULIN TIMUR","0","1",NULL,NULL,NULL,NULL,NULL,NULL,"83"
"579",NULL,"84","SDN 1 SUNGAI ULIN ","0","1",NULL,NULL,NULL,NULL,NULL,NULL,"84"
"580",NULL,"67","SUB BAGIAN TATA USAHA","561","2",NULL,NULL,NULL,NULL,NULL,NULL,"67.1"
"581",NULL,"85","SDN 2 SUNGAI ULIN ","0","1",NULL,NULL,NULL,NULL,NULL,NULL,"85"
"582",NULL,"86","SDN 2 LANDASAN ULIN TIMUR","0","1",NULL,NULL,NULL,NULL,NULL,NULL,"86"
"583",NULL,"87","SDN 3 SUNGAI ULIN","0","1",NULL,NULL,NULL,NULL,NULL,NULL,"87"
"584",NULL,"88","SDN 3 LANDASAN ULIN TIMUR","0","1",NULL,NULL,NULL,NULL,NULL,NULL,"88"
"585",NULL,"89","SDN 1 SYAMSUDIN NOOR","0","1",NULL,NULL,NULL,NULL,NULL,NULL,"89"
"586",NULL,"90","SDN 2 SYAMSUDIN NOOR","0","1",NULL,NULL,NULL,NULL,NULL,NULL,"90"
"587",NULL,"69","SUB BAGIAN TATA USAHA","563","2",NULL,NULL,NULL,NULL,NULL,NULL,"69.1"
"588",NULL,"68","SUB BAGIAN TATA USAHA","562","2",NULL,NULL,NULL,NULL,NULL,NULL,"68.1"
"589",NULL,"91","SDN 3 SYAMSUDIN NOOR","0","1",NULL,NULL,NULL,NULL,NULL,NULL,"91"
"590",NULL,"92","SDN 4 SYAMSUDIN NOOR","0","1",NULL,NULL,NULL,NULL,NULL,NULL,"92"
"591",NULL,"93","SDN 5 SYAMSUDIN NOOR","0","1",NULL,NULL,NULL,NULL,NULL,NULL,"93"
"592",NULL,"94","SDN 1 LANDASAN ULIN TENGAH","0","1",NULL,NULL,NULL,NULL,NULL,NULL,"94"
"593",NULL,"95","SDN 5 SUNGAI ULIN","0","1",NULL,NULL,NULL,NULL,NULL,NULL,"95"
"594",NULL,"96","SDN 1 LANDASAN ULIN UTARA","0","1",NULL,NULL,NULL,NULL,NULL,NULL,"96"
"595",NULL,"97","SDN 2 LANDASAN ULIN UTARA","0","1",NULL,NULL,NULL,NULL,NULL,NULL,"97"
"596",NULL,"98","SDN 1 LOKTABAT UTARA","0","1",NULL,NULL,NULL,NULL,NULL,NULL,"98"
"597",NULL,"99","SDN 1 LANDASAN ULIN BARAT","0","1",NULL,NULL,NULL,NULL,NULL,NULL,"99"
"598",NULL,"100","SDN 2 LOKTABAT UTARA","0","1",NULL,NULL,NULL,NULL,NULL,NULL,"100"
"599",NULL,"101","SDN 2 LANDASAN ULIN BARAT","0","1",NULL,NULL,NULL,NULL,NULL,NULL,"101"
"600",NULL,"102","SDN 1 LANDASAN ULIN SELATAN","0","1",NULL,NULL,NULL,NULL,NULL,NULL,"102"
"602",NULL,"104","SDN 4 LOKTABAT UTARA","0","1",NULL,NULL,NULL,NULL,NULL,NULL,"104"
"603",NULL,"105","SDN 5 LOKTABAT UTARA","0","1",NULL,NULL,NULL,NULL,NULL,NULL,"105"
"604",NULL,"106","SMP NEGERI 1 HRIS","0","1",NULL,NULL,NULL,NULL,NULL,NULL,"106"
"605",NULL,"107","SDN 1 SUNGAI BESAR","0","1",NULL,NULL,NULL,NULL,NULL,NULL,"107"
"606",NULL,"108","SMP NEGERI 2 HRIS","0","1",NULL,NULL,NULL,NULL,NULL,NULL,"108"
"607",NULL,"109","SDN 2 SUNGAI BESAR","0","1",NULL,NULL,NULL,NULL,NULL,NULL,"109"
"608",NULL,"110","SMP NEGERI 3 HRIS","0","1",NULL,NULL,NULL,NULL,NULL,NULL,"110"
"609",NULL,"111","SDN 3 SUNGAI BESAR","0","1",NULL,NULL,NULL,NULL,NULL,NULL,"111"
"610",NULL,"112","SDN 4 SUNGAI BESAR","0","1",NULL,NULL,NULL,NULL,NULL,NULL,"112"
"611",NULL,"113","SMP NEGERI 4 HRIS","0","1",NULL,NULL,NULL,NULL,NULL,NULL,"113"
"612",NULL,"114","SDN 5 SUNGAI BESAR","0","1",NULL,NULL,NULL,NULL,NULL,NULL,"114"
"613",NULL,"115","SMP NEGERI 5 HRIS","0","1",NULL,NULL,NULL,NULL,NULL,NULL,"115"
"614",NULL,"116","SMP NEGERI 6 HRIS","0","1",NULL,NULL,NULL,NULL,NULL,NULL,"116"
"615",NULL,"117","SDN 1 GUNTUNG PAIKAT","0","1",NULL,NULL,NULL,NULL,NULL,NULL,"117"
"616",NULL,"118","SDN 2 GUNTUNG PAIKAT","0","1",NULL,NULL,NULL,NULL,NULL,NULL,"118"
"617",NULL,"119","SMP NEGERI 8 HRIS","0","1",NULL,NULL,NULL,NULL,NULL,NULL,"119"
"618",NULL,"120","SMP NEGERI 9 HRIS","0","1",NULL,NULL,NULL,NULL,NULL,NULL,"120"
"619",NULL,"121","SMP NEGERI 10 HRIS","0","1",NULL,NULL,NULL,NULL,NULL,NULL,"121"
"620",NULL,"122","SMP NEGERI 11 HRIS","0","1",NULL,NULL,NULL,NULL,NULL,NULL,"122"
"621",NULL,"123","SMP NEGERI 12 HRIS","0","1",NULL,NULL,NULL,NULL,NULL,NULL,"123"
"622",NULL,"72","SUB BAGIAN TATA USAHA","566","2",NULL,NULL,NULL,NULL,NULL,NULL,"72.1"
"623",NULL,"124","SMP NEGERI 13 HRIS","0","1",NULL,NULL,NULL,NULL,NULL,NULL,"124"
"624",NULL,"125","SMP NEGERI 14 HRIS","0","1",NULL,NULL,NULL,NULL,NULL,NULL,"125"
"625",NULL,"126","SMP NEGERI 15 HRIS","0","1",NULL,NULL,NULL,NULL,NULL,NULL,"126"
"787",NULL,"125","TATA USAHA","624","2",NULL,NULL,NULL,NULL,NULL,NULL,"125.1"
"627",NULL,"81","SUB BAGIAN TATA USAHA","575","2",NULL,NULL,NULL,NULL,NULL,NULL,"81.1"
"628",NULL,"77","SUB BAGIAN TATA USAHA","571","2",NULL,NULL,NULL,NULL,NULL,NULL,"77.1"
"629",NULL,"78","SUB BAGIAN TATA USAHA","572","2",NULL,NULL,NULL,NULL,NULL,NULL,"78.1"
"630",NULL,"128","SDN 5 KOMET","0","1",NULL,NULL,NULL,NULL,NULL,NULL,"128"
"631",NULL,"129","SDN 4 SUNGAI ULIN","0","1",NULL,NULL,NULL,NULL,NULL,NULL,"129"
"632",NULL,"130","SDN 3 LOKTABAT UTARA","0","1",NULL,NULL,NULL,NULL,NULL,NULL,"130"
"633",NULL,"131","KELURAHAN LANDASAN ULIN UTARA","0","1",NULL,NULL,NULL,NULL,NULL,NULL,"131"
"634",NULL,"132","KELURAHAN KEMUNING","0","1",NULL,NULL,NULL,NULL,NULL,NULL,"132"
"635",NULL,"133","KELURAHAN SUNGAI BESAR","0","1",NULL,NULL,NULL,NULL,NULL,NULL,"133"
"636",NULL,"134","KELURAHAN LANDASAN ULIN TENGAH","0","1",NULL,NULL,NULL,NULL,NULL,NULL,"134"
"637",NULL,"135","KELURAHAN LOKTABAT SELATAN","0","1",NULL,NULL,NULL,NULL,NULL,NULL,"135"
"638",NULL,"136","KELURAHAN GUNTUNG PAIKAT","0","1",NULL,NULL,NULL,NULL,NULL,NULL,"136"
"639",NULL,"137","KELURAHAN LOKTABAT UTARA","0","1",NULL,NULL,NULL,NULL,NULL,NULL,"137"
"640",NULL,"138","KELURAHAN LANDASAN ULIN BARAT","0","1",NULL,NULL,NULL,NULL,NULL,NULL,"138"
"641",NULL,"139","KELURAHAN MENTAOS","0","1",NULL,NULL,NULL,NULL,NULL,NULL,"139"
"642",NULL,"140","KELURAHAN LANDASAN ULIN TIMUR","0","1",NULL,NULL,NULL,NULL,NULL,NULL,"140"
"643",NULL,"141","KELURAHAN KOMET","0","1",NULL,NULL,NULL,NULL,NULL,NULL,"141"
"644",NULL,"142","KELURAHAN SUNGAI ULIN","0","1",NULL,NULL,NULL,NULL,NULL,NULL,"142"
"645",NULL,"143","KELURAHAN SYAMSUDIN NOOR","0","1",NULL,NULL,NULL,NULL,NULL,NULL,"143"
"646",NULL,"144","KELURAHAN BANGKAL","0","1",NULL,NULL,NULL,NULL,NULL,NULL,"144"
"647",NULL,"145","KELURAHAN GUNTUNG PAYUNG","0","1",NULL,NULL,NULL,NULL,NULL,NULL,"145"
"648",NULL,"146","KELURAHAN SUNGAI TIUNG","0","1",NULL,NULL,NULL,NULL,NULL,NULL,"146"
"649",NULL,"147","KELURAHAN CEMPAKA","0","1",NULL,NULL,NULL,NULL,NULL,NULL,"147"
"650",NULL,"148","KELURAHAN GUNTUNG MANGGIS","0","1",NULL,NULL,NULL,NULL,NULL,NULL,"148"
"651",NULL,"149","KELURAHAN PALAM","0","1",NULL,NULL,NULL,NULL,NULL,NULL,"149"
"652",NULL,"150","KELURAHAN LANDASAN ULIN SELATAN","0","1",NULL,NULL,NULL,NULL,NULL,NULL,"150"
"653",NULL,"132","SEKRETARIAT","634","2",NULL,NULL,NULL,NULL,NULL,NULL,"132.1"
"654",NULL,"132","SEKSI PEMERINTAHAN","634","2",NULL,NULL,NULL,NULL,NULL,NULL,"132.2"
"655",NULL,"132","SEKSI EKONOMI DAN PEMBANGUNAN","634","2",NULL,NULL,NULL,NULL,NULL,NULL,"132.3"
"656",NULL,"137","SEKRETARIAT","639","2",NULL,NULL,NULL,NULL,NULL,NULL,"137.1"
"657",NULL,"132","SEKSI KESEJAHTERAAN SOSIAL","634","2",NULL,NULL,NULL,NULL,NULL,NULL,"132.4"
"658",NULL,"137","SEKSI PEMERINTAHAN","639","2",NULL,NULL,NULL,NULL,NULL,NULL,"137.2"
"659",NULL,"133","SEKRETARIAT","635","2",NULL,NULL,NULL,NULL,NULL,NULL,"133.1"
"660",NULL,"137","SEKSI EKONOMI DAN PEMBANGUNAN","639","2",NULL,NULL,NULL,NULL,NULL,NULL,"137.3"
"661",NULL,"133","SEKSI PEMERINTAHAN","635","2",NULL,NULL,NULL,NULL,NULL,NULL,"133.2"
"662",NULL,"137","SEKSI KESEJAHTERAAN SOSIAL","639","2",NULL,NULL,NULL,NULL,NULL,NULL,"137.4"
"663",NULL,"133","SEKSI EKONOMI DAN PEMBANGUNAN","635","2",NULL,NULL,NULL,NULL,NULL,NULL,"133.3"
"664",NULL,"139","SEKRETARIAT","641","2",NULL,NULL,NULL,NULL,NULL,NULL,"139.1"
"665",NULL,"133","SEKSI KESEJAHTERAAN SOSIAL","635","2",NULL,NULL,NULL,NULL,NULL,NULL,"133.4"
"666",NULL,"135","SEKRETARIAT","637","2",NULL,NULL,NULL,NULL,NULL,NULL,"135.1"
"667",NULL,"135","SEKSI PEMERINTAHAN","637","2",NULL,NULL,NULL,NULL,NULL,NULL,"135.2"
"668",NULL,"139","SEKSI PEMERINTAHAN","641","2",NULL,NULL,NULL,NULL,NULL,NULL,"139.2"
"669",NULL,"135","SEKSI EKONOMI DAN PEMBANGUNAN","637","2",NULL,NULL,NULL,NULL,NULL,NULL,"135.3"
"670",NULL,"135","SEKSI KESEJAHTERAAN SOSIAL","637","2",NULL,NULL,NULL,NULL,NULL,NULL,"135.4"
"671",NULL,"139","SEKSI EKONOMI DAN PEMBANGUNAN","641","2",NULL,NULL,NULL,NULL,NULL,NULL,"139.3"
"672",NULL,"139","SEKSI KESEJAHTERAAN SOSIAL","641","2",NULL,NULL,NULL,NULL,NULL,NULL,"139.4"
"673",NULL,"136","SEKRETARIAT","638","2",NULL,NULL,NULL,NULL,NULL,NULL,"136.1"
"674",NULL,"136","SEKSI PEMERINTAHAN","638","2",NULL,NULL,NULL,NULL,NULL,NULL,"136.2"
"675",NULL,"141","SEKRETARIAT","643","2",NULL,NULL,NULL,NULL,NULL,NULL,"141.1"
"676",NULL,"136","SEKSI EKONOMI DAN PEMBANGUNAN","638","2",NULL,NULL,NULL,NULL,NULL,NULL,"136.3"
"677",NULL,"141","SEKSI PEMERINTAHAN","643","2",NULL,NULL,NULL,NULL,NULL,NULL,"141.2"
"678",NULL,"136","SEKSI KESEJAHTERAAN SOSIAL","638","2",NULL,NULL,NULL,NULL,NULL,NULL,"136.4"
"679",NULL,"141","SEKSI EKONOMI DAN PEMBANGUNAN","643","2",NULL,NULL,NULL,NULL,NULL,NULL,"141.3"
"680",NULL,"141","SEKSI KESEJAHTERAAN SOSIAL","643","2",NULL,NULL,NULL,NULL,NULL,NULL,"141.4"
"681",NULL,"144","SEKRETARIAT","646","2",NULL,NULL,NULL,NULL,NULL,NULL,"144.1"
"682",NULL,"144","SEKSI PEMERINTAHAN","646","2",NULL,NULL,NULL,NULL,NULL,NULL,"144.2"
"683",NULL,"142","SEKRETARIAT","644","2",NULL,NULL,NULL,NULL,NULL,NULL,"142.1"
"684",NULL,"144","SEKSI EKONOMI DAN PEMBANGUNAN","646","2",NULL,NULL,NULL,NULL,NULL,NULL,"144.3"
"685",NULL,"142","SEKSI PEMERINTAHAN","644","2",NULL,NULL,NULL,NULL,NULL,NULL,"142.2"
"686",NULL,"144","SEKSI KESEJAHTERAAN SOSIAL","646","2",NULL,NULL,NULL,NULL,NULL,NULL,"144.4"
"687",NULL,"142","SEKSI EKONOMI DAN PEMBANGUNAN","644","2",NULL,NULL,NULL,NULL,NULL,NULL,"142.3"
"688",NULL,"142","SEKSI KESEJAHTERAAN SOSIAL","644","2",NULL,NULL,NULL,NULL,NULL,NULL,"142.4"
"689",NULL,"146","SEKRETARIAT","648","2",NULL,NULL,NULL,NULL,NULL,NULL,"146.1"
"690",NULL,"146","SEKSI PEMERINTAHAN","648","2",NULL,NULL,NULL,NULL,NULL,NULL,"146.2"
"691",NULL,"146","SEKSI EKONOMI DAN PEMBANGUNAN","648","2",NULL,NULL,NULL,NULL,NULL,NULL,"146.3"
"692",NULL,"131","SEKRETARIAT","633","2",NULL,NULL,NULL,NULL,NULL,NULL,"131.1"
"693",NULL,"146","SEKSI KESEJAHTERAAN SOSIAL","648","2",NULL,NULL,NULL,NULL,NULL,NULL,"146.4"
"694",NULL,"131","SEKSI PEMERINTAHAN","633","2",NULL,NULL,NULL,NULL,NULL,NULL,"131.2"
"695",NULL,"147","SEKRETARIAT","649","2",NULL,NULL,NULL,NULL,NULL,NULL,"147.1"
"696",NULL,"131","SEKSI EKONOMI DAN PEMBANGUNAN","633","2",NULL,NULL,NULL,NULL,NULL,NULL,"131.3"
"697",NULL,"147","SEKSI PEMERINTAHAN","649","2",NULL,NULL,NULL,NULL,NULL,NULL,"147.2"
"698",NULL,"131","SEKSI KESEJAHTERAAN SOSIAL","633","2",NULL,NULL,NULL,NULL,NULL,NULL,"131.4"
"699",NULL,"147","SEKSI EKONOMI DAN PEMBANGUNAN","649","2",NULL,NULL,NULL,NULL,NULL,NULL,"147.3"
"700",NULL,"147","SEKSI KESEJAHTERAAN SOSIAL","649","2",NULL,NULL,NULL,NULL,NULL,NULL,"147.4"
"701",NULL,"149","SEKRETARIAT","651","2",NULL,NULL,NULL,NULL,NULL,NULL,"149.1"
"702",NULL,"149","SEKSI PEMERINTAHAN","651","2",NULL,NULL,NULL,NULL,NULL,NULL,"149.2"
"703",NULL,"149","SEKSI EKONOMI DAN PEMBANGUNAN","651","2",NULL,NULL,NULL,NULL,NULL,NULL,"149.3"
"704",NULL,"149","SEKSI KESEJAHTERAAN SOSIAL","651","2",NULL,NULL,NULL,NULL,NULL,NULL,"149.4"
"705",NULL,"134","SEKRETARIAT","636","2",NULL,NULL,NULL,NULL,NULL,NULL,"134.1"
"706",NULL,"140","SEKRETARIAT","642","2",NULL,NULL,NULL,NULL,NULL,NULL,"140.1"
"707",NULL,"140","SEKSI PEMERINTAHAN","642","2",NULL,NULL,NULL,NULL,NULL,NULL,"140.2"
"708",NULL,"140","SEKSI EKONOMI DAN PEMBANGUNAN","642","2",NULL,NULL,NULL,NULL,NULL,NULL,"140.3"
"709",NULL,"140","SEKSI KESEJAHTERAAN SOSIAL","642","2",NULL,NULL,NULL,NULL,NULL,NULL,"140.4"
"710",NULL,"134","SEKSI PEMERINTAHAN","636","2",NULL,NULL,NULL,NULL,NULL,NULL,"134.2"
"711",NULL,"143","SEKRETARIAT","645","2",NULL,NULL,NULL,NULL,NULL,NULL,"143.1"
"712",NULL,"134","SEKSI EKONOMI DAN PEMBANGUNAN","636","2",NULL,NULL,NULL,NULL,NULL,NULL,"134.3"
"713",NULL,"143","SEKSI PEMERINTAHAN","645","2",NULL,NULL,NULL,NULL,NULL,NULL,"143.2"
"714",NULL,"134","SEKSI KESEJAHTERAAN SOSIAL","636","2",NULL,NULL,NULL,NULL,NULL,NULL,"134.4"
"715",NULL,"143","SEKSI EKONOMI DAN PEMBANGUNAN","645","2",NULL,NULL,NULL,NULL,NULL,NULL,"143.3"
"716",NULL,"150","SEKRETARIAT","652","2",NULL,NULL,NULL,NULL,NULL,NULL,"150.1"
"717",NULL,"143","SEKSI KESEJAHTERAAN SOSIAL","645","2",NULL,NULL,NULL,NULL,NULL,NULL,"143.4"
"718",NULL,"150","SEKSI PEMERINTAHAN ","652","2",NULL,NULL,NULL,NULL,NULL,NULL,"150.2"
"719",NULL,"145","SEKRETARIAT","647","2",NULL,NULL,NULL,NULL,NULL,NULL,"145.1"
"720",NULL,"150","SEKSI EKONOMI DAN PEMBANGUNAN","652","2",NULL,NULL,NULL,NULL,NULL,NULL,"150.3"
"721",NULL,"145","SEKSI PEMERINTAHAN","647","2",NULL,NULL,NULL,NULL,NULL,NULL,"145.2"
"722",NULL,"150","SEKSI KESEJAHTERAN SOSIAL","652","2",NULL,NULL,NULL,NULL,NULL,NULL,"150.4"
"723",NULL,"145","SEKSI EKONOMI DAN PEMBANGUNAN","647","2",NULL,NULL,NULL,NULL,NULL,NULL,"145.3"
"724",NULL,"145","SEKSI KESEJAHTERAAN SOSIAL","647","2",NULL,NULL,NULL,NULL,NULL,NULL,"145.4"
"725",NULL,"138","SEKRETARIAT","640","2",NULL,NULL,NULL,NULL,NULL,NULL,"138.1"
"726",NULL,"138","SEKSI PEMERINTAHAN","640","2",NULL,NULL,NULL,NULL,NULL,NULL,"138.2"
"727",NULL,"148","SEKRETARIAT","650","2",NULL,NULL,NULL,NULL,NULL,NULL,"148.1"
"728",NULL,"148","SEKSI PEMERINTAHAN","650","2",NULL,NULL,NULL,NULL,NULL,NULL,"148.2"
"729",NULL,"138","SEKSI EKONOMI DAN PEMBANGUNAN","640","2",NULL,NULL,NULL,NULL,NULL,NULL,"138.3"
"730",NULL,"138","SEKSI KESEJAHTERAAN SOSIAL","640","2",NULL,NULL,NULL,NULL,NULL,NULL,"138.4"
"731",NULL,"148","SEKSI EKONOMI DAN PEMBANGUNAN","650","2",NULL,NULL,NULL,NULL,NULL,NULL,"148.3"
"732",NULL,"148","SEKSI KESEJAHTERAAN SOSIAL","650","2",NULL,NULL,NULL,NULL,NULL,NULL,"148.4"
"733",NULL,"28","UPT SANGGAR KEGIATAN BELAJAR","385","2",NULL,NULL,NULL,NULL,NULL,NULL,"28.6"
"734",NULL,"28","UPT PENDIDIKAN WILAYAH I","385","2",NULL,NULL,NULL,NULL,NULL,NULL,"28.7"
"735",NULL,"28","UPT PENDIDIKAN WILAYAH II","385","2",NULL,NULL,NULL,NULL,NULL,NULL,"28.8"
"736",NULL,"28","UPT SMPN","385","2",NULL,NULL,NULL,NULL,NULL,NULL,"28.9"
"737",NULL,"28","SUB BAGIAN TATA USAHA UPT SANGGAR KEGIATAN BELAJAR","733","3",NULL,NULL,NULL,NULL,NULL,NULL,"28.6.1"
"738",NULL,"28","SUB BAGIAN TATA USAHA PENDIDIKAN WILAYAH I","734","3",NULL,NULL,NULL,NULL,NULL,NULL,"28.7.1"
"739",NULL,"28","SUB BAGIAN TATA USAHA PENDIDIKAN WILAYAH II","735","3",NULL,NULL,NULL,NULL,NULL,NULL,"28.8.1"
"740",NULL,"28","SUB BAGIAN TATA USAHA UPT SMPN","736","3",NULL,NULL,NULL,NULL,NULL,NULL,"28.9.1"
"741",NULL,"16","UPT PENYULUH KELUARGA BERENCANA","184","2",NULL,NULL,NULL,NULL,NULL,NULL,"16.6"
"742",NULL,"16","SUB BAGIAN TATA USAHA PENYULUH KB","741","3",NULL,NULL,NULL,NULL,NULL,NULL,"16.6.1"
"743",NULL,"22","UPT PENGELOLA GUDANG TRANSITO","284","2",NULL,NULL,NULL,NULL,NULL,NULL,"22.6"
"744",NULL,"22","UPT PENGELOLA PASAR HRIS","284","2",NULL,NULL,NULL,NULL,NULL,NULL,"22.7"
"745",NULL,"22","UPT PENGELOLA PASAR ULIN RAYA","284","2",NULL,NULL,NULL,NULL,NULL,NULL,"22.8"
"746",NULL,"22","UPT METROLOGI","284","2",NULL,NULL,NULL,NULL,NULL,NULL,"22.9"
"747",NULL,"22","SUB BAGIAN TATA USAHA UPT PENGELOLA GUDANG TRANSITO","743","3",NULL,NULL,NULL,NULL,NULL,NULL,"22.6.1"
"748",NULL,"22","SUB BAGIAN TATA USAHA UPT PENGELOLA PASAR HRIS","744","3",NULL,NULL,NULL,NULL,NULL,NULL,"22.7.1"
"749",NULL,"22","SUB BAGIAN TATA USAHA UPT PENGELOLA PASAR ULIN RAYA","745","3",NULL,NULL,NULL,NULL,NULL,NULL,"22.8.1"
"750",NULL,"22","SUB BAGIAN TATA USAHA UPT METROLOGI","746","3",NULL,NULL,NULL,NULL,NULL,NULL,"22.9.1"
"751",NULL,"20","UPT LABORATORIUM","246","2",NULL,NULL,NULL,NULL,NULL,NULL,"20.6"
"752",NULL,"20","SUB BAGIAN TATA USAHA LABORATORIUM","751","3",NULL,NULL,NULL,NULL,NULL,NULL,"20.6.1"
"841",NULL,"161","SEKSI PENGENDALIAN OPERASI LALU LINTAS","840","3",NULL,NULL,NULL,NULL,NULL,NULL,"161.2.1"
"840",NULL,"161","BIDANG LALU LINTAS ANGKUTAN JALAN","836","2",NULL,NULL,NULL,NULL,NULL,NULL,"161.2"
"839",NULL,"161","SUB BAGIAN PERENCANAAN DAN KEUANGAN","837","3",NULL,NULL,NULL,NULL,NULL,NULL,"161.1.2"
"838",NULL,"161","SUB BAGIAN UMUM DAN KEPEGAWAIAN","837","3",NULL,NULL,NULL,NULL,NULL,NULL,"161.1.1"
"757",NULL,"23","UPT BALAI BENIH TANAMAN PANGAN DAN HOLTIKULTURA","301","2",NULL,NULL,NULL,NULL,NULL,NULL,"23.7"
"758",NULL,"23","BALAI PRODUKSI PERIKANAN BUDIDAYA AIR TAWAR","301","2",NULL,NULL,NULL,NULL,NULL,NULL,"23.8"
"759",NULL,"23","UPT BPP WILAYAH HRIS","301","2",NULL,NULL,NULL,NULL,NULL,NULL,"23.9"
"766",NULL,"9","UNIT PELAYANAN TEKNIS PAJAK DAERAH WILAYAH II","103","2",NULL,NULL,NULL,NULL,NULL,NULL,"9.6"
"765",NULL,"9","UNIT PELAYANAN TEKNIS PAJAK DAERAH WILAYAH I","103","2",NULL,NULL,NULL,NULL,NULL,NULL,"9.5"
"767",NULL,"9","SUB BAGIAN TATA USAHA UPT PAJAK DAERAH WIL I","765","3",NULL,NULL,NULL,NULL,NULL,NULL,"9.5.1"
"768",NULL,"9","SUB BAGIAN TATA USAHA UPT PAJAK DAERAH WIL II","766","3",NULL,NULL,NULL,NULL,NULL,NULL,"9.6.1"
"769",NULL,"14","UPT PEMADAM KEBAKARAN","154","2",NULL,NULL,NULL,NULL,NULL,NULL,"14.6"
"770",NULL,"14","SUB BAGIAN TATA USAHA UPT PEMADAM KEBAKARAN","769","3",NULL,NULL,NULL,NULL,NULL,NULL,"14.6.1"
"771",NULL,"23","SUB BAGIAN TATA USAHA UPT BALAI BENIH TANAMAN PANGAN DAN HOLTIKULTURA","757","3",NULL,NULL,NULL,NULL,NULL,NULL,"23.7.1"
"772",NULL,"23","SUB BAGIAN TATA USAHA UPT BALAI PRODUKSI PERIKANAN BUDIDAYA AIR TAWAR","758","3",NULL,NULL,NULL,NULL,NULL,NULL,"23.8.1"
"773",NULL,"23","SUB BAGIAN TATA USAHA UPT BPP WILAYAH HRIS","759","3",NULL,NULL,NULL,NULL,NULL,NULL,"23.9.1"
"774",NULL,"23","UPT BPP WILAYAH LIANG ANGGANG","301","2",NULL,NULL,NULL,NULL,NULL,NULL,"23.10"
"775",NULL,"23","UPT BPP WILAYAH LANDASAN ULIN","301","2",NULL,NULL,NULL,NULL,NULL,NULL,"23.10"
"776",NULL,"23","UPT BPP WILAYAH CEMPAKA","301","2",NULL,NULL,NULL,NULL,NULL,NULL,"23.10"
"777",NULL,"23","SUB BAGIAN TATA USAHA UPT BPP WILAYAH LANDASAN ULIN","775","3",NULL,NULL,NULL,NULL,NULL,NULL,"23.10.1"
"778",NULL,"23","SUB BAGIAN TATA USAHA UPT BPP WILAYAH LIANG ANGGANG","774","3",NULL,NULL,NULL,NULL,NULL,NULL,"23.10.1"
"779",NULL,"23","SUB BAGIAN TATA USAHA UPT BPP WILAYAH CEMPAKA","776","3",NULL,NULL,NULL,NULL,NULL,NULL,"23.10.1"
"786",NULL,"156","TK NEGERI IDAMAN","0","1",NULL,NULL,NULL,NULL,NULL,NULL,"156"
"781",NULL,"152","TK NEGERI PEMBINA HRIS","0","1",NULL,NULL,NULL,NULL,NULL,NULL,"152"
"782",NULL,"153","TK NEGERI PEMBINA CEMPAKA","0","1",NULL,NULL,NULL,NULL,NULL,NULL,"153"
"783",NULL,"154","TK NEGERI PEMBINA LANDASAN ULIN","0","1",NULL,NULL,NULL,NULL,NULL,NULL,"154"
"784",NULL,"155","TK NEGERI PEMBINA LIANG ANGGANG","0","1",NULL,NULL,NULL,NULL,NULL,NULL,"155"
"785",NULL,"122","TATA USAHA","620","2",NULL,NULL,NULL,NULL,NULL,NULL,"122.1"
"788",NULL,"106","TATA USAHA","604","2",NULL,NULL,NULL,NULL,NULL,NULL,"106.1"
"789",NULL,"121","TATA USAHA","619","2",NULL,NULL,NULL,NULL,NULL,NULL,"121.1"
"790",NULL,"123","TATA USAHA","621","2",NULL,NULL,NULL,NULL,NULL,NULL,"123.1"
"791",NULL,"124","TATA USAHA","623","2",NULL,NULL,NULL,NULL,NULL,NULL,"124.1"
"792",NULL,"126","TATA USAHA","625","2",NULL,NULL,NULL,NULL,NULL,NULL,"126.1"
"794",NULL,"108","TATA USAHA","606","2",NULL,NULL,NULL,NULL,NULL,NULL,"108.1"
"795",NULL,"110","TATA USAHA","608","2",NULL,NULL,NULL,NULL,NULL,NULL,"110.1"
"796",NULL,"113","TATA USAHA","611","2",NULL,NULL,NULL,NULL,NULL,NULL,"113.1"
"797",NULL,"115","TATA USAHA","613","2",NULL,NULL,NULL,NULL,NULL,NULL,"115.1"
"798",NULL,"116","TATA USAHA","614","2",NULL,NULL,NULL,NULL,NULL,NULL,"116.1"
"799",NULL,"119","TATA USAHA","617","2",NULL,NULL,NULL,NULL,NULL,NULL,"119.1"
"800",NULL,"120","TATA USAHA","618","2",NULL,NULL,NULL,NULL,NULL,NULL,"120.1"
"837",NULL,"161","SEKRETARIAT","836","2",NULL,NULL,NULL,NULL,NULL,NULL,"161.1"
"801",NULL,"157","TUGAS BELAJAR","0","1",NULL,NULL,NULL,NULL,NULL,NULL,"157"
"813",NULL,"158","SUB BIDANG KETAHANAN SENI, BUDAYA DAN EKONOMI","806","3",NULL,NULL,NULL,NULL,NULL,NULL,"158.4.1"
"814",NULL,"158","SUB BIDANG KETAHANAN AGAMA DAN LEMBAGA KEMASYARAKATAN","806","3",NULL,NULL,NULL,NULL,NULL,NULL,"158.4.2"
"828",NULL,"160","SEKSI KETENTRAMAN DAN KETERTIBAN","816","2",NULL,NULL,NULL,NULL,NULL,NULL,"160.3"
"829",NULL,"160","SEKSI EKONOMI DAN PEMBANGUNAN","816","2",NULL,NULL,NULL,NULL,NULL,NULL,"160.4"
"830",NULL,"160","SEKSI KESEJAHTERAAN SOSIAL","816","2",NULL,NULL,NULL,NULL,NULL,NULL,"160.5"
"831",NULL,"70","SUB BAGIAN TATA USAHA","564","2",NULL,NULL,NULL,NULL,NULL,NULL,"70.1"
"836",NULL,"161","DINAS PERHUBUNGAN","0","1",NULL,NULL,NULL,NULL,NULL,NULL,"161"
"855",NULL,"23","UPT BALAI PEMBIBITAN TERNAK DAN PUSAT KESEHATAN HEWAN","301","2",NULL,NULL,NULL,NULL,NULL,NULL,"23.10"
"856",NULL,"23","SUB BAGIAN TATA USAHA UPT BALAI PEMBIBITAN TERNAK DAN PUSAT KESEHATAN HEWAN","855","3",NULL,NULL,NULL,NULL,NULL,NULL,"23.10.1"
"857",NULL,"163","SDN 3 LANDASAN ULIN BARAT","0","1",NULL,NULL,NULL,NULL,NULL,NULL,"163"
